ResellerName,OrderDate,OrderQuantity,SalesAmount
The Bicycle Accessories Company,2012-05-30,5,"$2,348.97"
The Bicycle Accessories Company,2012-05-30,4,"$1,879.18"
The Bicycle Accessories Company,2012-05-30,3,"$1,409.38"
Online Bike Warehouse,2012-05-30,1,$198.04
Kickstand Sellers,2012-05-30,1,$22.79
Kickstand Sellers,2012-05-30,2,$360.26
Demand Distributors,2012-05-30,1,$202.33
Demand Distributors,2012-05-30,1,$65.60
Demand Distributors,2012-05-30,2,$367.88
Painters Bicycle Specialists,2012-05-30,3,"$1,409.38"
Painters Bicycle Specialists,2012-05-30,3,$202.62
Painters Bicycle Specialists,2012-05-30,4,"$1,879.18"
Painters Bicycle Specialists,2012-05-30,6,$173.04
Painters Bicycle Specialists,2012-05-30,3,"$1,409.38"
Painters Bicycle Specialists,2012-05-30,5,"$2,348.97"
Painters Bicycle Specialists,2012-05-30,3,"$1,409.38"
Painters Bicycle Specialists,2012-05-30,1,$469.79
Painters Bicycle Specialists,2012-05-30,2,$40.37
Road Way Sales and Rental,2012-05-30,1,$736.15
Initial Bike Company,2012-05-30,2,"$2,485.70"
Initial Bike Company,2012-05-30,1,$52.65
Initial Bike Company,2012-05-30,5,"$3,239.97"
Initial Bike Company,2012-05-30,2,$57.68
Initial Bike Company,2012-05-30,3,$109.34
Initial Bike Company,2012-05-30,3,$101.32
Initial Bike Company,2012-05-30,6,$269.96
Initial Bike Company,2012-05-30,3,$627.77
Initial Bike Company,2012-05-30,4,"$4,917.84"
Initial Bike Company,2012-05-30,2,$392.66
Initial Bike Company,2012-05-30,3,$376.25
Initial Bike Company,2012-05-30,4,$91.18
Initial Bike Company,2012-05-30,1,$141.62
Initial Bike Company,2012-05-30,1,$209.26
Initial Bike Company,2012-05-30,4,$179.98
Initial Bike Company,2012-05-30,1,$65.60
Initial Bike Company,2012-05-30,3,"$1,943.98"
Initial Bike Company,2012-05-30,21,$416.85
Initial Bike Company,2012-05-30,4,"$4,971.41"
Initial Bike Company,2012-05-30,1,$647.99
Initial Bike Company,2012-05-30,4,"$2,591.98"
Initial Bike Company,2012-05-30,6,$31.12
Initial Bike Company,2012-05-30,2,$40.37
Initial Bike Company,2012-05-30,6,"$7,457.11"
Initial Bike Company,2012-05-30,1,$209.26
Initial Bike Company,2012-05-30,3,"$3,688.38"
Initial Bike Company,2012-05-30,2,$40.37
Initial Bike Company,2012-05-30,3,$60.56
Nearby Cycle Shop,2012-05-30,1,$647.99
Nearby Cycle Shop,2012-05-30,6,$136.76
Nearby Cycle Shop,2012-05-30,5,"$3,239.97"
Nearby Cycle Shop,2012-05-30,2,"$2,485.70"
Nearby Cycle Shop,2012-05-30,1,$33.77
Nearby Cycle Shop,2012-05-30,3,"$3,688.38"
Nearby Cycle Shop,2012-05-30,2,$107.99
Nearby Cycle Shop,2012-05-30,2,"$2,458.92"
Nearby Cycle Shop,2012-05-30,1,$65.60
Nearby Cycle Shop,2012-05-30,4,"$4,917.84"
Nearby Cycle Shop,2012-05-30,3,"$2,232.82"
Nearby Cycle Shop,2012-05-30,2,$283.23
Nearby Cycle Shop,2012-05-30,1,$209.26
Nearby Cycle Shop,2012-05-30,4,$145.79
Nearby Cycle Shop,2012-05-30,4,"$4,971.41"
Nearby Cycle Shop,2012-05-30,4,"$2,591.98"
Nearby Cycle Shop,2012-05-30,1,$52.65
Nearby Cycle Shop,2012-05-30,1,$125.42
Nearby Cycle Shop,2012-05-30,6,"$7,457.11"
Nearby Cycle Shop,2012-05-30,1,$35.99
Nearby Cycle Shop,2012-05-30,19,$377.15
Metro Cycle Shop,2012-05-30,2,"$2,485.70"
Eastside Department Store,2012-05-30,3,"$3,926.81"
Eastside Department Store,2012-05-30,7,"$3,288.56"
Eastside Department Store,2012-05-30,5,"$6,544.69"
Eastside Department Store,2012-05-30,1,$780.82
Eastside Department Store,2012-05-30,2,"$1,200.53"
Eastside Department Store,2012-05-30,8,$120.00
Eastside Department Store,2012-05-30,6,$323.96
Eastside Department Store,2012-05-30,4,$792.14
Eastside Department Store,2012-05-30,2,"$2,932.02"
Eastside Department Store,2012-05-30,10,"$4,697.94"
Eastside Department Store,2012-05-30,2,$648.91
Eastside Department Store,2012-05-30,9,$404.95
Eastside Department Store,2012-05-30,2,"$1,561.64"
Eastside Department Store,2012-05-30,17,$426.96
Eastside Department Store,2012-05-30,10,"$4,697.94"
Eastside Department Store,2012-05-30,1,$324.45
Eastside Department Store,2012-05-30,14,"$6,230.72"
Eastside Department Store,2012-05-30,5,$328.01
Eastside Department Store,2012-05-30,6,$84.77
Eastside Department Store,2012-05-30,2,$939.59
Eastside Department Store,2012-05-30,9,$259.56
Eastside Department Store,2012-05-30,2,"$1,561.64"
Eastside Department Store,2012-05-30,4,$809.33
Eastside Department Store,2012-05-30,7,$83.96
Eastside Department Store,2012-05-30,12,$409.18
Eastside Department Store,2012-05-30,2,"$1,200.53"
Eastside Department Store,2012-05-30,4,$809.33
Eastside Department Store,2012-05-30,1,"$1,466.01"
Eastside Department Store,2012-05-30,16,$626.92
Eastside Department Store,2012-05-30,1,$324.45
Eastside Department Store,2012-05-30,14,$382.50
Eastside Department Store,2012-05-30,5,$337.70
Eastside Department Store,2012-05-30,1,$149.03
Eastside Department Store,2012-05-30,5,"$2,348.97"
Eastside Department Store,2012-05-30,16,$501.52
Eastside Department Store,2012-05-30,8,$161.49
Eastside Department Store,2012-05-30,1,"$1,308.94"
Eastside Department Store,2012-05-30,4,$809.33
Eastside Department Store,2012-05-30,15,$263.69
Eastside Department Store,2012-05-30,8,$287.95
Eastside Department Store,2012-05-30,4,"$2,401.05"
Eastside Department Store,2012-05-30,11,"$4,895.57"
Eastside Department Store,2012-05-30,6,$269.96
Eastside Department Store,2012-05-30,6,"$2,818.76"
Eastside Department Store,2012-05-30,4,"$2,401.05"
Eastside Department Store,2012-05-30,3,$42.39
Eastside Department Store,2012-05-30,17,"$6,954.91"
Eastside Department Store,2012-05-30,2,$648.91
Eastside Department Store,2012-05-30,13,$664.95
Eastside Department Store,2012-05-30,9,$485.95
Eastside Department Store,2012-05-30,3,$551.81
Eastside Department Store,2012-05-30,8,$161.49
Eastside Department Store,2012-05-30,8,"$1,618.66"
Eastside Department Store,2012-05-30,3,$551.81
Eastside Department Store,2012-05-30,7,$98.90
Eastside Department Store,2012-05-30,17,$76.78
Sundry Sporting Goods,2012-05-30,1,"$1,466.01"
Sundry Sporting Goods,2012-05-30,3,"$1,409.38"
Sundry Sporting Goods,2012-05-30,2,$10.37
Sundry Sporting Goods,2012-05-30,2,"$2,617.88"
Sundry Sporting Goods,2012-05-30,3,"$1,800.79"
Sundry Sporting Goods,2012-05-30,3,"$1,409.38"
Sundry Sporting Goods,2012-05-30,1,$469.79
Sundry Sporting Goods,2012-05-30,1,$469.79
Sundry Sporting Goods,2012-05-30,3,$60.56
Sundry Sporting Goods,2012-05-30,2,$939.59
Sundry Sporting Goods,2012-05-30,4,$809.33
Sundry Sporting Goods,2012-05-30,2,"$2,617.88"
Sundry Sporting Goods,2012-05-30,2,$40.37
Sundry Sporting Goods,2012-05-30,3,$60.56
Sundry Sporting Goods,2012-05-30,8,$230.72
Sundry Sporting Goods,2012-05-30,5,"$6,544.69"
Sundry Sporting Goods,2012-05-30,3,"$4,398.03"
Sundry Sporting Goods,2012-05-30,4,"$1,879.18"
Sundry Sporting Goods,2012-05-30,5,$919.69
Sundry Sporting Goods,2012-05-30,1,$469.79
Sundry Sporting Goods,2012-05-30,2,$135.08
Sundry Sporting Goods,2012-05-30,3,$134.98
Sundry Sporting Goods,2012-05-30,3,"$1,409.38"
Sundry Sporting Goods,2012-05-30,9,$485.95
Sundry Sporting Goods,2012-05-30,2,"$1,200.53"
Sundry Sporting Goods,2012-05-30,1,"$1,308.94"
Sundry Sporting Goods,2012-05-30,5,$179.97
Sundry Sporting Goods,2012-05-30,1,$469.79
Sundry Sporting Goods,2012-05-30,6,"$3,601.58"
Sundry Sporting Goods,2012-05-30,3,"$1,409.38"
Sundry Sporting Goods,2012-05-30,2,"$1,200.53"
Sundry Sporting Goods,2012-05-30,2,$57.68
Sundry Sporting Goods,2012-05-30,4,$179.98
Sundry Sporting Goods,2012-05-30,2,$939.59
Sundry Sporting Goods,2012-05-30,2,"$2,617.88"
Sundry Sporting Goods,2012-05-30,6,$90.00
Sundry Sporting Goods,2012-05-30,3,$35.98
Famous Bike Shop,2012-05-30,6,$31.12
Famous Bike Shop,2012-05-30,1,$44.99
Famous Bike Shop,2012-05-30,3,$134.98
Famous Bike Shop,2012-05-30,6,$136.76
Famous Bike Shop,2012-05-30,3,"$3,728.56"
Famous Bike Shop,2012-05-30,3,"$3,728.56"
Famous Bike Shop,2012-05-30,5,$144.20
Famous Bike Shop,2012-05-30,1,$22.79
Self-Contained Cycle Parts Company,2012-05-30,1,$183.94
Rapid Bikes,2012-05-30,1,$647.99
Rapid Bikes,2012-05-30,8,$41.49
Rapid Bikes,2012-05-30,3,$42.39
Rapid Bikes,2012-05-30,3,$266.80
Rapid Bikes,2012-05-30,3,$42.39
Rapid Bikes,2012-05-30,5,$269.97
Rapid Bikes,2012-05-30,10,$449.94
Rapid Bikes,2012-05-30,3,$224.51
Rapid Bikes,2012-05-30,6,$826.16
Rapid Bikes,2012-05-30,1,$11.99
Rapid Bikes,2012-05-30,3,"$1,943.98"
Rapid Bikes,2012-05-30,5,$144.20
Rapid Bikes,2012-05-30,8,$287.95
Rapid Bikes,2012-05-30,2,$67.55
Rapid Bikes,2012-05-30,5,$269.97
Rapid Bikes,2012-05-30,3,"$2,208.44"
Rapid Bikes,2012-05-30,6,$121.12
Rapid Bikes,2012-05-30,2,$71.99
Rapid Bikes,2012-05-30,3,"$3,688.38"
Rapid Bikes,2012-05-30,2,$418.51
Rapid Bikes,2012-05-30,1,$744.27
Rapid Bikes,2012-05-30,13,$355.18
Rapid Bikes,2012-05-30,1,$736.15
Rapid Bikes,2012-05-30,1,$647.99
Rapid Bikes,2012-05-30,5,$306.87
Rapid Bikes,2012-05-30,3,$107.98
Rapid Bikes,2012-05-30,4,$179.98
Rapid Bikes,2012-05-30,9,$205.15
Rapid Bikes,2012-05-30,7,$201.88
Rapid Bikes,2012-05-30,4,$566.46
Rapid Bikes,2012-05-30,4,"$4,917.84"
Rapid Bikes,2012-05-30,4,$91.18
Rapid Bikes,2012-05-30,2,"$2,458.92"
Rapid Bikes,2012-05-30,3,$60.56
Rapid Bikes,2012-05-30,4,$837.02
Rapid Bikes,2012-05-30,5,$100.93
Rapid Bikes,2012-05-30,2,"$2,485.70"
Rapid Bikes,2012-05-30,4,"$2,591.98"
Rapid Bikes,2012-05-30,4,$179.98
Rapid Bikes,2012-05-30,3,$45.00
Rapid Bikes,2012-05-30,4,$215.98
Rapid Bikes,2012-05-30,6,"$7,457.11"
Rapid Bikes,2012-05-30,3,$109.34
Reliable Retail Center,2012-05-30,2,$40.37
Tandem Sales and Service,2012-05-30,1,$44.99
Principal Bike Company,2012-05-30,1,$324.45
Vinyl and Plastic Goods Corporation,2012-05-30,1,$24.29
Greater Bike Store,2012-05-30,3,"$3,688.38"
Greater Bike Store,2012-05-30,2,"$2,485.70"
Greater Bike Store,2012-05-30,5,"$6,147.29"
Greater Bike Store,2012-05-30,9,$205.15
Greater Bike Store,2012-05-30,4,$91.18
Greater Bike Store,2012-05-30,3,$68.38
Work and Play Association,2012-05-30,1,$600.26
Vigorous Exercise Company,2012-05-30,8,"$9,835.67"
Vigorous Exercise Company,2012-05-30,1,"$1,229.46"
Vigorous Exercise Company,2012-05-30,1,$209.26
Vigorous Exercise Company,2012-05-30,11,$237.53
Vigorous Exercise Company,2012-05-30,7,"$5,209.91"
Vigorous Exercise Company,2012-05-30,12,"$14,128.74"
Vigorous Exercise Company,2012-05-30,4,"$2,977.09"
Vigorous Exercise Company,2012-05-30,6,$269.96
Vigorous Exercise Company,2012-05-30,4,$355.73
Vigorous Exercise Company,2012-05-30,6,$173.04
Vigorous Exercise Company,2012-05-30,7,$377.96
Vigorous Exercise Company,2012-05-30,2,$71.99
Vigorous Exercise Company,2012-05-30,3,$109.34
Vigorous Exercise Company,2012-05-30,2,$149.68
Vigorous Exercise Company,2012-05-30,4,$179.98
Vigorous Exercise Company,2012-05-30,8,"$1,674.05"
Vigorous Exercise Company,2012-05-30,13,"$15,306.13"
Vigorous Exercise Company,2012-05-30,5,$70.64
Vigorous Exercise Company,2012-05-30,4,$56.52
Vigorous Exercise Company,2012-05-30,4,$785.32
Vigorous Exercise Company,2012-05-30,3,"$2,208.44"
Vigorous Exercise Company,2012-05-30,3,"$1,943.98"
Vigorous Exercise Company,2012-05-30,3,$627.77
Vigorous Exercise Company,2012-05-30,3,$35.98
Vigorous Exercise Company,2012-05-30,2,$40.37
Vigorous Exercise Company,2012-05-30,6,$269.96
Vigorous Exercise Company,2012-05-30,6,$215.96
Vigorous Exercise Company,2012-05-30,6,$31.12
Vigorous Exercise Company,2012-05-30,2,"$1,295.99"
Vigorous Exercise Company,2012-05-30,7,$236.42
Vigorous Exercise Company,2012-05-30,10,$613.74
Vigorous Exercise Company,2012-05-30,2,"$1,472.29"
Vigorous Exercise Company,2012-05-30,6,$173.04
Vigorous Exercise Company,2012-05-30,7,$963.86
Vigorous Exercise Company,2012-05-30,6,"$3,887.96"
Vigorous Exercise Company,2012-05-30,3,$72.88
Vigorous Exercise Company,2012-05-30,9,$181.68
Vigorous Exercise Company,2012-05-30,4,$566.46
Vigorous Exercise Company,2012-05-30,6,$121.12
Vigorous Exercise Company,2012-05-30,5,$144.20
Vigorous Exercise Company,2012-05-30,6,"$7,376.75"
Vigorous Exercise Company,2012-05-30,5,$269.97
Vigorous Exercise Company,2012-05-30,5,"$3,239.97"
Vigorous Exercise Company,2012-05-30,6,"$7,457.11"
Vigorous Exercise Company,2012-05-30,3,"$2,232.82"
Vigorous Exercise Company,2012-05-30,2,$30.00
Vigorous Exercise Company,2012-05-30,2,$107.99
Vigorous Exercise Company,2012-05-30,10,$227.94
Vigorous Exercise Company,2012-05-30,3,$107.98
Corner Bicycle Supply,2012-05-30,4,"$5,235.75"
Corner Bicycle Supply,2012-05-30,3,"$1,409.38"
Corner Bicycle Supply,2012-05-30,10,$359.94
Corner Bicycle Supply,2012-05-30,4,"$1,297.81"
Corner Bicycle Supply,2012-05-30,5,"$1,622.26"
Corner Bicycle Supply,2012-05-30,4,"$5,864.04"
Corner Bicycle Supply,2012-05-30,3,$973.36
Corner Bicycle Supply,2012-05-30,5,"$3,001.31"
Corner Bicycle Supply,2012-05-30,12,$229.48
Corner Bicycle Supply,2012-05-30,5,$75.00
Corner Bicycle Supply,2012-05-30,2,"$2,617.88"
Corner Bicycle Supply,2012-05-30,3,"$1,409.38"
Corner Bicycle Supply,2012-05-30,4,$809.33
Corner Bicycle Supply,2012-05-30,3,$607.00
Corner Bicycle Supply,2012-05-30,3,"$1,409.38"
Corner Bicycle Supply,2012-05-30,2,$939.59
Corner Bicycle Supply,2012-05-30,2,"$2,932.02"
Corner Bicycle Supply,2012-05-30,3,"$3,926.81"
Corner Bicycle Supply,2012-05-30,6,"$2,818.76"
Corner Bicycle Supply,2012-05-30,6,$121.12
Corner Bicycle Supply,2012-05-30,9,$404.95
Corner Bicycle Supply,2012-05-30,2,$135.08
Corner Bicycle Supply,2012-05-30,6,"$1,188.22"
Corner Bicycle Supply,2012-05-30,7,$83.96
Corner Bicycle Supply,2012-05-30,3,"$3,926.81"
Corner Bicycle Supply,2012-05-30,3,"$1,409.38"
Corner Bicycle Supply,2012-05-30,5,$144.20
Corner Bicycle Supply,2012-05-30,2,$939.59
Corner Bicycle Supply,2012-05-30,1,$202.33
Corner Bicycle Supply,2012-05-30,5,"$1,011.66"
Corner Bicycle Supply,2012-05-30,3,$196.81
Corner Bicycle Supply,2012-05-30,7,"$4,201.84"
Corner Bicycle Supply,2012-05-30,2,$939.59
Corner Bicycle Supply,2012-05-30,2,$939.59
Corner Bicycle Supply,2012-05-30,4,"$2,401.05"
Corner Bicycle Supply,2012-05-30,5,"$2,348.97"
Corner Bicycle Supply,2012-05-30,7,"$3,288.56"
Corner Bicycle Supply,2012-05-30,3,$551.81
Corner Bicycle Supply,2012-05-30,5,"$7,330.05"
Corner Bicycle Supply,2012-05-30,8,"$1,192.25"
Corner Bicycle Supply,2012-05-30,8,$230.72
Corner Bicycle Supply,2012-05-30,4,"$5,235.75"
Corner Bicycle Supply,2012-05-30,8,"$3,758.35"
Corner Bicycle Supply,2012-05-30,12,$229.48
Corner Bicycle Supply,2012-05-30,1,$183.94
Corner Bicycle Supply,2012-05-30,1,$14.13
Corner Bicycle Supply,2012-05-30,4,"$2,401.05"
Corner Bicycle Supply,2012-05-30,9,$485.95
Corner Bicycle Supply,2012-05-30,11,$300.54
Corner Bicycle Supply,2012-05-30,4,$20.75
Corner Bicycle Supply,2012-05-30,3,$134.98
Corner Bicycle Supply,2012-05-30,7,"$4,201.84"
Successful Sales Company,2012-05-30,2,$135.08
Successful Sales Company,2012-05-30,5,$224.97
Successful Sales Company,2012-05-30,3,$86.52
Successful Sales Company,2012-05-30,3,"$1,409.38"
Successful Sales Company,2012-05-30,2,$939.59
Successful Sales Company,2012-05-30,4,$179.98
Successful Sales Company,2012-05-30,10,$51.87
Mountain Toy Store,2012-05-30,1,$469.79
Mountain Toy Store,2012-05-30,1,$20.19
Convenient Sales and Service,2012-05-30,1,"$1,308.94"
Convenient Sales and Service,2012-05-30,1,$202.33
Convenient Sales and Service,2012-05-30,1,"$1,308.94"
Convenient Sales and Service,2012-05-30,2,$939.59
Convenient Sales and Service,2012-05-30,1,$14.13
Convenient Sales and Service,2012-05-30,2,"$1,200.53"
Convenient Sales and Service,2012-05-30,1,$600.26
Convenient Sales and Service,2012-05-30,1,"$1,466.01"
Convenient Sales and Service,2012-05-30,2,$396.07
Convenient Sales and Service,2012-05-30,2,"$1,200.53"
Convenient Sales and Service,2012-05-30,2,$131.20
Convenient Sales and Service,2012-05-30,1,$600.26
Convenient Sales and Service,2012-05-30,4,"$1,879.18"
Convenient Sales and Service,2012-05-30,1,$780.82
Convenient Sales and Service,2012-05-30,1,$324.45
Convenient Sales and Service,2012-05-30,1,$469.79
Convenient Sales and Service,2012-05-30,1,"$1,466.01"
Convenient Sales and Service,2012-05-30,4,$735.75
Convenient Sales and Service,2012-05-30,3,"$1,409.38"
Convenient Sales and Service,2012-05-30,4,"$3,123.27"
Convenient Sales and Service,2012-05-30,2,"$2,932.02"
Convenient Sales and Service,2012-05-30,1,$780.82
Convenient Sales and Service,2012-05-30,1,$469.79
Convenient Sales and Service,2012-05-30,2,$939.59
Bicycle Merchandise Warehouse,2012-05-30,5,"$3,001.31"
Bicycle Merchandise Warehouse,2012-05-30,10,$288.40
Bicycle Merchandise Warehouse,2012-05-30,4,$809.33
Bicycle Merchandise Warehouse,2012-05-30,4,$215.98
Bicycle Merchandise Warehouse,2012-05-30,1,"$1,308.94"
Bicycle Merchandise Warehouse,2012-05-30,2,$10.37
Bicycle Merchandise Warehouse,2012-05-30,8,$359.95
Bicycle Merchandise Warehouse,2012-05-30,3,"$2,342.45"
Bicycle Merchandise Warehouse,2012-05-30,5,"$2,348.97"
Bicycle Merchandise Warehouse,2012-05-30,11,"$4,895.57"
Bicycle Merchandise Warehouse,2012-05-30,5,$70.64
Bicycle Merchandise Warehouse,2012-05-30,2,$939.59
Bicycle Merchandise Warehouse,2012-05-30,1,$780.82
Bicycle Merchandise Warehouse,2012-05-30,3,$45.00
Bicycle Merchandise Warehouse,2012-05-30,2,$404.66
Bicycle Merchandise Warehouse,2012-05-30,5,$337.70
Bicycle Merchandise Warehouse,2012-05-30,3,$196.81
Bicycle Merchandise Warehouse,2012-05-30,7,"$2,271.17"
Bicycle Merchandise Warehouse,2012-05-30,9,"$4,228.15"
Bicycle Merchandise Warehouse,2012-05-30,11,"$4,895.57"
Bicycle Merchandise Warehouse,2012-05-30,4,"$1,879.18"
Bicycle Merchandise Warehouse,2012-05-30,4,$47.98
Bicycle Merchandise Warehouse,2012-05-30,3,"$3,926.81"
Bicycle Merchandise Warehouse,2012-05-30,3,$134.98
Bicycle Merchandise Warehouse,2012-05-30,3,$107.98
Bicycle Merchandise Warehouse,2012-05-30,3,$161.98
Bicycle Merchandise Warehouse,2012-05-30,4,"$5,864.04"
Bicycle Merchandise Warehouse,2012-05-30,2,$367.88
Bicycle Merchandise Warehouse,2012-05-30,10,$449.94
Bicycle Merchandise Warehouse,2012-05-30,1,$600.26
Bicycle Merchandise Warehouse,2012-05-30,5,"$2,348.97"
Bicycle Merchandise Warehouse,2012-05-30,1,$183.94
Bicycle Merchandise Warehouse,2012-05-30,1,$600.26
Bicycle Merchandise Warehouse,2012-05-30,13,"$5,785.67"
Bicycle Merchandise Warehouse,2012-05-30,3,$607.00
Bicycle Merchandise Warehouse,2012-05-30,7,"$10,262.07"
Bicycle Merchandise Warehouse,2012-05-30,4,$115.36
Bicycle Merchandise Warehouse,2012-05-30,3,$594.11
Bicycle Merchandise Warehouse,2012-05-30,3,$60.56
Bicycle Merchandise Warehouse,2012-05-30,3,$973.36
Bicycle Merchandise Warehouse,2012-05-30,8,$287.95
Bicycle Merchandise Warehouse,2012-05-30,5,"$1,622.26"
Bicycle Merchandise Warehouse,2012-05-30,4,$80.75
Bicycle Merchandise Warehouse,2012-05-30,2,"$1,200.53"
Bicycle Merchandise Warehouse,2012-05-30,3,$42.39
Bicycle Merchandise Warehouse,2012-05-30,5,$100.93
Bicycle Merchandise Warehouse,2012-05-30,2,$939.59
Bicycle Merchandise Warehouse,2012-05-30,2,$71.99
Bicycle Merchandise Warehouse,2012-05-30,3,"$2,342.45"
Bicycle Merchandise Warehouse,2012-05-30,4,$215.98
Bicycle Merchandise Warehouse,2012-05-30,4,$809.33
Bicycle Merchandise Warehouse,2012-05-30,1,"$1,308.94"
Bicycle Merchandise Warehouse,2012-05-30,2,"$2,932.02"
Bicycle Merchandise Warehouse,2012-05-30,5,"$1,622.26"
Bicycle Merchandise Warehouse,2012-05-30,2,$298.06
Bicycle Merchandise Warehouse,2012-05-30,2,$57.68
First Cycle Store,2012-05-30,1,$600.26
First Cycle Store,2012-05-30,3,$551.81
Bike World,2012-05-30,6,$173.04
Bike World,2012-05-30,5,$224.97
Bike World,2012-05-30,1,"$1,242.85"
Bike World,2012-05-30,7,$159.56
Bike World,2012-05-30,2,"$2,485.70"
Bike World,2012-05-30,2,$45.59
Bike World,2012-05-30,1,$5.19
Bike World,2012-05-30,3,"$3,688.38"
Bike World,2012-05-30,1,$44.99
Bike World,2012-05-30,15,$297.75
Bike World,2012-05-30,4,"$4,917.84"
Sports Products Store,2012-05-30,1,$324.45
Sports Products Store,2012-05-30,3,"$1,409.38"
Sports Products Store,2012-05-30,3,"$1,409.38"
Sports Products Store,2012-05-30,2,$135.08
Sports Products Store,2012-05-30,2,$939.59
Sports Products Store,2012-05-30,1,$20.19
Sports Products Store,2012-05-30,1,$469.79
Exercise Center,2012-05-30,2,$250.83
Beneficial Exercises and Activities,2012-05-30,1,$324.45
Getaway Inn,2012-05-30,2,$939.59
Getaway Inn,2012-05-30,2,$404.66
Getaway Inn,2012-05-30,1,$183.94
Getaway Inn,2012-05-30,1,$469.79
Getaway Inn,2012-05-30,1,"$1,308.94"
Getaway Inn,2012-05-30,4,"$5,235.75"
Getaway Inn,2012-05-30,3,"$1,409.38"
Getaway Inn,2012-05-30,2,"$1,561.64"
Getaway Inn,2012-05-30,1,$11.99
Getaway Inn,2012-05-30,3,"$2,342.45"
Getaway Inn,2012-05-30,1,$14.13
Getaway Inn,2012-05-30,1,$600.26
Getaway Inn,2012-05-30,5,"$2,348.97"
Getaway Inn,2012-05-30,3,$973.36
Getaway Inn,2012-05-30,3,"$1,409.38"
Getaway Inn,2012-05-30,3,$973.36
Getaway Inn,2012-05-30,2,"$2,932.02"
Getaway Inn,2012-05-30,2,"$1,200.53"
Getaway Inn,2012-05-30,1,"$1,308.94"
Getaway Inn,2012-05-30,2,$135.08
Getaway Inn,2012-05-30,2,$404.66
Getaway Inn,2012-05-30,1,$183.94
Getaway Inn,2012-05-30,1,$324.45
Getaway Inn,2012-05-30,1,$600.26
Getaway Inn,2012-05-30,3,"$1,409.38"
Getaway Inn,2012-05-30,3,$447.09
Getaway Inn,2012-05-30,1,$600.26
Getaway Inn,2012-05-30,3,$196.81
Getaway Inn,2012-05-30,2,"$2,932.02"
Getaway Inn,2012-05-30,2,$404.66
Getaway Inn,2012-05-30,5,"$1,011.66"
Getaway Inn,2012-05-30,1,$198.04
Getaway Inn,2012-05-30,2,$939.59
World of Bikes,2012-05-30,2,"$2,458.92"
World of Bikes,2012-05-30,2,$418.51
World of Bikes,2012-05-30,3,$161.98
World of Bikes,2012-05-30,5,"$3,239.97"
World of Bikes,2012-05-30,4,$837.02
World of Bikes,2012-05-30,2,$283.23
World of Bikes,2012-05-30,3,$101.32
World of Bikes,2012-05-30,4,$80.75
World of Bikes,2012-05-30,2,$392.66
World of Bikes,2012-05-30,6,"$7,376.75"
World of Bikes,2012-05-30,2,$72.89
World of Bikes,2012-05-30,3,$86.52
World of Bikes,2012-05-30,3,$134.98
World of Bikes,2012-05-30,5,$224.97
World of Bikes,2012-05-30,6,"$7,376.75"
World of Bikes,2012-05-30,1,$22.79
World of Bikes,2012-05-30,1,$209.26
World of Bikes,2012-05-30,1,$35.99
World of Bikes,2012-05-30,8,$182.35
World of Bikes,2012-05-30,8,$41.49
World of Bikes,2012-05-30,2,"$1,295.99"
World of Bikes,2012-05-30,1,$744.27
World of Bikes,2012-05-30,2,$57.68
World of Bikes,2012-05-30,2,"$2,485.70"
World of Bikes,2012-05-30,7,$141.31
World of Bikes,2012-05-30,4,$80.75
World of Bikes,2012-05-30,2,$30.00
World of Bikes,2012-05-30,3,"$1,943.98"
World of Bikes,2012-05-30,5,$59.97
World of Bikes,2012-05-30,26,$444.48
World of Bikes,2012-05-30,1,$65.60
World of Bikes,2012-05-30,6,$173.04
Metro Sports Equipment,2012-05-30,2,"$2,485.70"
Metro Sports Equipment,2012-05-30,2,"$2,485.70"
Bikes for Two,2012-05-30,1,$44.99
Bikes for Two,2012-05-30,4,$60.00
Bikes for Two,2012-05-30,2,$45.59
Bikes for Two,2012-05-30,1,$14.13
Valley Toy Store,2012-05-30,5,"$3,239.97"
Valley Toy Store,2012-05-30,2,$105.29
Valley Toy Store,2012-05-30,12,$259.12
Valley Toy Store,2012-05-30,2,$10.37
Valley Toy Store,2012-05-30,6,$71.96
Valley Toy Store,2012-05-30,2,"$2,485.70"
Valley Toy Store,2012-05-30,2,$40.37
Valley Toy Store,2012-05-30,2,$418.51
Valley Toy Store,2012-05-30,1,$141.62
Valley Toy Store,2012-05-30,3,$134.98
Valley Toy Store,2012-05-30,2,"$2,485.70"
Valley Toy Store,2012-05-30,4,"$2,944.58"
Valley Toy Store,2012-05-30,6,"$7,376.75"
Valley Toy Store,2012-05-30,3,$588.99
Valley Toy Store,2012-05-30,2,$72.89
Valley Toy Store,2012-05-30,3,$86.52
Valley Toy Store,2012-05-30,13,$280.72
Valley Toy Store,2012-05-30,5,$179.97
Valley Toy Store,2012-05-30,1,$647.99
Valley Toy Store,2012-05-30,4,"$4,971.41"
Valley Toy Store,2012-05-30,3,$134.98
Valley Toy Store,2012-05-30,6,$121.12
Valley Toy Store,2012-05-30,2,$418.51
Valley Toy Store,2012-05-30,3,$376.25
Valley Toy Store,2012-05-30,2,$57.68
Valley Toy Store,2012-05-30,6,"$3,887.96"
Valley Toy Store,2012-05-30,9,$485.95
Valley Toy Store,2012-05-30,2,$131.20
Valley Toy Store,2012-05-30,2,$40.37
Two Bike Shops,2012-05-30,1,$600.26
Remote Bicycle Specialists,2012-05-30,2,$939.59
Remote Bicycle Specialists,2012-05-30,2,$10.37
Remote Bicycle Specialists,2012-05-30,3,"$1,409.38"
Remote Bicycle Specialists,2012-05-30,2,$939.59
Cycle Merchants,2012-05-30,1,$780.82
Cycle Merchants,2012-05-30,2,"$1,200.53"
Cycle Merchants,2012-05-30,1,$469.79
Good Bike Shop,2012-05-30,3,"$1,409.38"
Good Bike Shop,2012-05-30,4,$215.98
Good Bike Shop,2012-05-30,2,"$2,932.02"
Good Bike Shop,2012-05-30,1,$202.33
Good Bike Shop,2012-05-30,2,"$2,932.02"
Good Bike Shop,2012-05-30,1,$600.26
Good Bike Shop,2012-05-30,3,"$3,926.81"
Good Bike Shop,2012-05-30,1,$469.79
Good Bike Shop,2012-05-30,4,$47.98
Good Bike Shop,2012-05-30,2,$939.59
Good Bike Shop,2012-05-30,2,"$2,617.88"
Good Bike Shop,2012-05-30,2,$40.37
Good Bike Shop,2012-05-30,1,$324.45
Good Bike Shop,2012-05-30,7,$141.31
Good Bike Shop,2012-05-30,3,$86.52
Good Bike Shop,2012-05-30,5,"$6,544.69"
Good Bike Shop,2012-05-30,1,$67.54
Good Bike Shop,2012-05-30,1,$600.26
Good Bike Shop,2012-05-30,2,$939.59
Good Bike Shop,2012-05-30,3,$134.98
Good Bike Shop,2012-05-30,4,"$5,235.75"
Good Bike Shop,2012-05-30,2,$939.59
Good Bike Shop,2012-05-30,2,$939.59
Good Bike Shop,2012-05-30,3,"$1,409.38"
Good Bike Shop,2012-05-30,2,$939.59
Good Bike Shop,2012-05-30,3,$607.00
Good Bike Shop,2012-05-30,5,$224.97
Good Bike Shop,2012-05-30,6,"$2,818.76"
Good Bike Shop,2012-05-30,3,$107.98
Good Bike Shop,2012-05-30,6,$173.04
Good Bike Shop,2012-05-30,2,"$2,932.02"
Good Bike Shop,2012-05-30,1,$600.26
Good Bike Shop,2012-05-30,2,"$1,200.53"
Good Bike Shop,2012-05-30,2,$939.59
Good Bike Shop,2012-05-30,2,$40.37
Good Bike Shop,2012-05-30,4,$735.75
Good Bike Shop,2012-05-30,4,$20.75
Good Bike Shop,2012-05-30,5,$75.00
Good Bike Shop,2012-05-30,5,"$2,348.97"
Good Bike Shop,2012-05-30,3,$447.09
Good Bike Shop,2012-05-30,1,$600.26
Fad Outlet,2012-05-30,1,$65.60
Fad Outlet,2012-05-30,7,"$1,416.32"
Fad Outlet,2012-05-30,1,$202.33
Racing Toys,2012-05-30,1,"$1,466.01"
Racing Toys,2012-05-30,6,"$1,213.99"
Racing Toys,2012-05-30,1,$183.94
Racing Toys,2012-05-30,3,$196.81
Racing Toys,2012-05-30,1,$324.45
Racing Toys,2012-05-30,3,$42.39
Racing Toys,2012-05-30,1,$35.99
Fashionable Bikes and Accessories,2012-05-30,2,"$1,295.99"
Fashionable Bikes and Accessories,2012-05-30,3,$627.77
Fashionable Bikes and Accessories,2012-05-30,4,"$4,917.84"
Fashionable Bikes and Accessories,2012-05-30,2,$149.68
Fashionable Bikes and Accessories,2012-05-30,5,$306.87
Fashionable Bikes and Accessories,2012-05-30,5,"$6,214.26"
Fashionable Bikes and Accessories,2012-05-30,3,$627.77
Fashionable Bikes and Accessories,2012-05-30,4,$91.18
Fashionable Bikes and Accessories,2012-05-30,4,$785.32
Fashionable Bikes and Accessories,2012-05-30,4,$135.10
Fashionable Bikes and Accessories,2012-05-30,2,"$2,485.70"
Fashionable Bikes and Accessories,2012-05-30,2,$283.23
Fashionable Bikes and Accessories,2012-05-30,3,$109.34
Fashionable Bikes and Accessories,2012-05-30,1,"$1,229.46"
Fashionable Bikes and Accessories,2012-05-30,3,$68.38
Fashionable Bikes and Accessories,2012-05-30,5,"$3,239.97"
Fashionable Bikes and Accessories,2012-05-30,1,$24.29
Fashionable Bikes and Accessories,2012-05-30,1,$744.27
Fashionable Bikes and Accessories,2012-05-30,4,"$4,971.41"
Fashionable Bikes and Accessories,2012-05-30,1,$736.15
Fashionable Bikes and Accessories,2012-05-30,2,$275.39
Fashionable Bikes and Accessories,2012-05-30,1,$744.27
Vigorous Sports Store,2012-05-30,1,$600.26
Vigorous Sports Store,2012-05-30,1,$469.79
The Commissary,2012-05-30,1,$65.60
Nice Bikes,2012-05-30,1,"$1,308.94"
Nice Bikes,2012-05-30,4,"$1,297.81"
Nice Bikes,2012-05-30,1,$202.33
Nice Bikes,2012-05-30,2,$648.91
Racing Sales and Service,2012-05-30,3,"$1,409.38"
Racing Sales and Service,2012-05-30,3,"$1,409.38"
Racing Sales and Service,2012-05-30,3,"$1,409.38"
Racing Sales and Service,2012-05-30,3,$607.00
Racing Sales and Service,2012-05-30,2,$10.37
Racing Sales and Service,2012-05-30,5,"$2,348.97"
Racing Sales and Service,2012-05-30,1,$324.45
Racing Sales and Service,2012-05-30,2,$404.66
Racing Sales and Service,2012-05-30,2,$396.07
Racing Sales and Service,2012-05-30,3,$551.81
Racing Sales and Service,2012-05-30,7,"$10,262.07"
Racing Sales and Service,2012-05-30,3,$607.00
Racing Sales and Service,2012-05-30,6,"$1,946.72"
Racing Sales and Service,2012-05-30,1,$183.94
Racing Sales and Service,2012-05-30,3,"$4,398.03"
Racing Sales and Service,2012-05-30,2,$648.91
Racing Sales and Service,2012-05-30,3,$202.62
Racing Sales and Service,2012-05-30,2,$939.59
Racing Sales and Service,2012-05-30,3,"$3,926.81"
Racing Sales and Service,2012-05-30,2,$40.37
Racing Sales and Service,2012-05-30,2,"$2,617.88"
Racing Sales and Service,2012-05-30,5,"$2,348.97"
Racing Sales and Service,2012-05-30,5,"$3,001.31"
Racing Sales and Service,2012-05-30,4,"$2,401.05"
Racing Sales and Service,2012-05-30,1,$469.79
"Fabrikam Inc., West",2012-05-30,3,$101.32
"Fabrikam Inc., West",2012-05-30,2,$105.29
"Fabrikam Inc., West",2012-05-30,9,$259.56
"Fabrikam Inc., West",2012-05-30,1,$36.45
"Fabrikam Inc., West",2012-05-30,5,$144.20
"Fabrikam Inc., West",2012-05-30,4,$91.18
"Fabrikam Inc., West",2012-05-30,4,$80.75
"Fabrikam Inc., West",2012-05-30,3,"$3,688.38"
"Fabrikam Inc., West",2012-05-30,3,"$2,208.44"
"Fabrikam Inc., West",2012-05-30,4,"$4,917.84"
"Fabrikam Inc., West",2012-05-30,2,$40.37
"Fabrikam Inc., West",2012-05-30,6,"$3,887.96"
"Fabrikam Inc., West",2012-05-30,5,$224.97
"Fabrikam Inc., West",2012-05-30,3,$86.52
"Fabrikam Inc., West",2012-05-30,1,$209.26
"Fabrikam Inc., West",2012-05-30,14,$302.31
"Fabrikam Inc., West",2012-05-30,5,$224.97
"Fabrikam Inc., West",2012-05-30,3,"$3,688.38"
"Fabrikam Inc., West",2012-05-30,1,"$1,242.85"
"Fabrikam Inc., West",2012-05-30,5,$708.08
"Fabrikam Inc., West",2012-05-30,3,$627.77
"Fabrikam Inc., West",2012-05-30,2,"$1,295.99"
"Fabrikam Inc., West",2012-05-30,2,$40.37
"Fabrikam Inc., West",2012-05-30,3,$161.98
"Fabrikam Inc., West",2012-05-30,3,"$3,728.56"
"Fabrikam Inc., West",2012-05-30,1,$180.13
"Fabrikam Inc., West",2012-05-30,3,$15.56
"Fabrikam Inc., West",2012-05-30,1,$35.99
"Fabrikam Inc., West",2012-05-30,2,$250.83
"Fabrikam Inc., West",2012-05-30,4,"$4,971.41"
Summer Sports Place,2012-05-30,2,"$2,458.92"
Bike Goods,2012-05-30,1,$780.82
Bike Goods,2012-05-30,1,$202.33
Outdoor Equipment Store,2012-05-30,3,"$2,342.45"
Outdoor Equipment Store,2012-05-30,6,"$2,818.76"
Outdoor Equipment Store,2012-05-30,4,$179.98
Outdoor Equipment Store,2012-05-30,3,$86.52
Outdoor Equipment Store,2012-05-30,6,$121.12
Outdoor Equipment Store,2012-05-30,14,$267.73
Outdoor Equipment Store,2012-05-30,3,"$1,800.79"
Outdoor Equipment Store,2012-05-30,2,$71.99
Outdoor Equipment Store,2012-05-30,2,$367.88
Outdoor Equipment Store,2012-05-30,7,"$3,288.56"
Outdoor Equipment Store,2012-05-30,5,$919.69
Outdoor Equipment Store,2012-05-30,2,"$2,617.88"
Outdoor Equipment Store,2012-05-30,4,"$3,123.27"
Outdoor Equipment Store,2012-05-30,6,$84.77
Outdoor Equipment Store,2012-05-30,9,"$4,228.15"
Outdoor Equipment Store,2012-05-30,1,$324.45
Outdoor Equipment Store,2012-05-30,2,$135.08
Outdoor Equipment Store,2012-05-30,8,"$1,618.66"
Outdoor Equipment Store,2012-05-30,1,$14.13
Outdoor Equipment Store,2012-05-30,5,$144.20
Outdoor Equipment Store,2012-05-30,6,"$2,818.76"
Outdoor Equipment Store,2012-05-30,10,$288.40
Outdoor Equipment Store,2012-05-30,6,"$1,188.22"
Outdoor Equipment Store,2012-05-30,1,$35.99
Outdoor Equipment Store,2012-05-30,4,$735.75
Outdoor Equipment Store,2012-05-30,7,$459.21
Outdoor Equipment Store,2012-05-30,4,$809.33
Outdoor Equipment Store,2012-05-30,3,"$2,342.45"
Outdoor Equipment Store,2012-05-30,12,"$5,340.62"
Outdoor Equipment Store,2012-05-30,5,"$3,001.31"
Outdoor Equipment Store,2012-05-30,5,"$2,348.97"
Outdoor Equipment Store,2012-05-30,4,$809.33
Outdoor Equipment Store,2012-05-30,3,$35.98
Outdoor Equipment Store,2012-05-30,7,"$9,162.56"
Outdoor Equipment Store,2012-05-30,8,"$4,802.10"
Outdoor Equipment Store,2012-05-30,2,"$2,932.02"
Outdoor Equipment Store,2012-05-30,2,$89.99
Outdoor Equipment Store,2012-05-30,2,$939.59
Outdoor Equipment Store,2012-05-30,8,$113.03
Outdoor Equipment Store,2012-05-30,6,"$1,946.72"
Outdoor Equipment Store,2012-05-30,3,$973.36
Outdoor Equipment Store,2012-05-30,12,$511.49
Outdoor Equipment Store,2012-05-30,7,$377.96
Outdoor Equipment Store,2012-05-30,9,"$5,402.36"
Outdoor Equipment Store,2012-05-30,3,$161.98
Outdoor Equipment Store,2012-05-30,3,"$1,409.38"
Outdoor Equipment Store,2012-05-30,6,$323.96
Outdoor Equipment Store,2012-05-30,11,"$13,640.00"
Outdoor Equipment Store,2012-05-30,8,"$1,618.66"
Outdoor Equipment Store,2012-05-30,4,"$1,297.81"
Outdoor Equipment Store,2012-05-30,5,"$7,330.05"
Outdoor Equipment Store,2012-05-30,1,"$1,466.01"
Outdoor Equipment Store,2012-05-30,12,$58.96
Outdoor Equipment Store,2012-05-30,1,$35.99
Outdoor Equipment Store,2012-05-30,7,"$1,043.22"
Outdoor Equipment Store,2012-05-30,3,$45.00
One Bike Company,2012-05-30,4,"$4,917.84"
One Bike Company,2012-05-30,1,"$1,242.85"
One Bike Company,2012-05-30,5,"$6,147.29"
One Bike Company,2012-05-30,6,$136.76
One Bike Company,2012-05-30,3,$68.38
One Bike Company,2012-05-30,6,$136.76
Metal Processing Company,2012-05-30,2,$648.91
Metal Processing Company,2012-05-30,1,$469.79
Metal Processing Company,2012-05-30,1,$469.79
Metal Processing Company,2012-05-30,1,$5.19
Metal Processing Company,2012-05-30,1,$469.79
Metal Processing Company,2012-05-30,1,$20.19
Metal Processing Company,2012-05-30,1,$469.79
Metal Processing Company,2012-05-30,1,$44.99
Metal Processing Company,2012-05-30,1,$67.54
Metal Processing Company,2012-05-30,2,$89.99
Metal Processing Company,2012-05-30,2,$939.59
Metal Processing Company,2012-05-30,5,$144.20
Active Life Toys,2012-05-30,1,$469.79
Active Life Toys,2012-05-30,2,$107.99
Active Life Toys,2012-05-30,3,"$1,409.38"
Active Life Toys,2012-05-30,5,"$2,348.97"
Active Life Toys,2012-05-30,1,$324.45
Active Life Toys,2012-05-30,1,$600.26
Active Life Toys,2012-05-30,1,$469.79
Active Life Toys,2012-05-30,1,$198.04
Active Life Toys,2012-05-30,2,$404.66
Active Life Toys,2012-05-30,4,$47.98
Active Life Toys,2012-05-30,2,"$1,200.53"
Active Life Toys,2012-05-30,7,$251.96
Active Life Toys,2012-05-30,4,"$5,235.75"
Active Life Toys,2012-05-30,1,$202.33
Active Life Toys,2012-05-30,4,"$1,879.18"
Active Life Toys,2012-05-30,1,$202.33
Active Life Toys,2012-05-30,1,$469.79
Active Life Toys,2012-05-30,5,"$2,348.97"
Active Life Toys,2012-05-30,3,"$1,409.38"
Active Life Toys,2012-05-30,4,$179.98
Active Life Toys,2012-05-30,3,$15.56
Active Life Toys,2012-05-30,6,$121.12
Active Life Toys,2012-05-30,4,$80.75
Active Life Toys,2012-05-30,2,$40.37
Active Life Toys,2012-05-30,1,$469.79
Active Life Toys,2012-05-30,5,"$1,622.26"
Active Life Toys,2012-05-30,2,$939.59
Active Life Toys,2012-05-30,1,"$1,466.01"
Active Life Toys,2012-05-30,2,$939.59
Active Life Toys,2012-05-30,2,$648.91
Active Life Toys,2012-05-30,2,"$1,200.53"
Active Life Toys,2012-05-30,3,"$3,926.81"
Active Life Toys,2012-05-30,2,"$1,200.53"
Active Life Toys,2012-05-30,3,$447.09
Active Life Toys,2012-05-30,2,$57.68
Active Life Toys,2012-05-30,6,$173.04
Active Life Toys,2012-05-30,2,$30.00
Active Life Toys,2012-05-30,2,$89.99
Active Life Toys,2012-05-30,5,$144.20
Active Life Toys,2012-05-30,2,"$2,617.88"
Active Life Toys,2012-05-30,1,$67.54
Active Life Toys,2012-05-30,2,"$2,617.88"
Active Life Toys,2012-05-30,3,"$4,398.03"
Active Life Toys,2012-05-30,2,$367.88
Active Life Toys,2012-05-30,2,$404.66
Active Life Toys,2012-05-30,4,"$5,864.04"
Family Cycle Store,2012-05-30,2,"$2,485.70"
Family Cycle Store,2012-05-30,3,"$1,943.98"
Family Cycle Store,2012-05-30,2,"$1,295.99"
Family Cycle Store,2012-05-30,3,"$3,688.38"
Family Cycle Store,2012-05-30,1,$36.45
Family Cycle Store,2012-05-30,4,$837.02
Family Cycle Store,2012-05-30,26,$444.48
Family Cycle Store,2012-05-30,1,$196.33
Family Cycle Store,2012-05-30,2,$105.29
Family Cycle Store,2012-05-30,4,"$4,971.41"
Family Cycle Store,2012-05-30,1,"$1,229.46"
Family Cycle Store,2012-05-30,3,$376.25
Family Cycle Store,2012-05-30,3,$627.77
Family Cycle Store,2012-05-30,1,$209.26
Family Cycle Store,2012-05-30,4,"$4,917.84"
Family Cycle Store,2012-05-30,1,$647.99
Family Cycle Store,2012-05-30,4,$91.18
Family Cycle Store,2012-05-30,4,$566.46
Family Cycle Store,2012-05-30,3,"$1,943.98"
Commercial Sporting Goods,2012-05-30,14,$596.74
Commercial Sporting Goods,2012-05-30,8,$230.72
Commercial Sporting Goods,2012-05-30,4,$179.98
Commercial Sporting Goods,2012-05-30,3,"$1,943.98"
Commercial Sporting Goods,2012-05-30,5,"$1,046.28"
Commercial Sporting Goods,2012-05-30,10,$201.87
Commercial Sporting Goods,2012-05-30,3,$86.52
Commercial Sporting Goods,2012-05-30,2,$72.89
Commercial Sporting Goods,2012-05-30,8,"$9,835.67"
Commercial Sporting Goods,2012-05-30,3,"$3,728.56"
Commercial Sporting Goods,2012-05-30,5,$168.87
Commercial Sporting Goods,2012-05-30,2,$149.68
Commercial Sporting Goods,2012-05-30,5,"$1,046.28"
Commercial Sporting Goods,2012-05-30,5,$981.65
Commercial Sporting Goods,2012-05-30,7,$963.86
Commercial Sporting Goods,2012-05-30,5,"$3,680.73"
Commercial Sporting Goods,2012-05-30,7,$377.96
Commercial Sporting Goods,2012-05-30,5,"$6,214.26"
Commercial Sporting Goods,2012-05-30,12,$229.48
Commercial Sporting Goods,2012-05-30,4,"$2,944.58"
Commercial Sporting Goods,2012-05-30,4,$245.50
Commercial Sporting Goods,2012-05-30,10,$449.94
Commercial Sporting Goods,2012-05-30,11,$375.08
Commercial Sporting Goods,2012-05-30,23,$103.88
Commercial Sporting Goods,2012-05-30,9,$485.95
Commercial Sporting Goods,2012-05-30,5,"$3,239.97"
Commercial Sporting Goods,2012-05-30,3,$45.00
Commercial Sporting Goods,2012-05-30,12,$229.48
Commercial Sporting Goods,2012-05-30,5,"$3,721.36"
Commercial Sporting Goods,2012-05-30,10,$227.94
Commercial Sporting Goods,2012-05-30,1,$209.26
Commercial Sporting Goods,2012-05-30,10,"$1,416.15"
Commercial Sporting Goods,2012-05-30,3,"$3,688.38"
Commercial Sporting Goods,2012-05-30,3,"$1,943.98"
Commercial Sporting Goods,2012-05-30,3,$266.80
Commercial Sporting Goods,2012-05-30,10,$539.94
Commercial Sporting Goods,2012-05-30,19,$377.15
Commercial Sporting Goods,2012-05-30,5,"$6,214.26"
Commercial Sporting Goods,2012-05-30,4,"$4,917.84"
Commercial Sporting Goods,2012-05-30,8,$113.03
Commercial Sporting Goods,2012-05-30,9,$323.95
Commercial Sporting Goods,2012-05-30,5,$179.97
Commercial Sporting Goods,2012-05-30,9,$259.56
Commercial Sporting Goods,2012-05-30,9,$127.16
Commercial Sporting Goods,2012-05-30,4,"$2,591.98"
Commercial Sporting Goods,2012-05-30,4,"$2,977.09"
Commercial Sporting Goods,2012-05-30,1,$24.29
Commercial Sporting Goods,2012-05-30,3,$35.98
Online Bike Sellers,2012-05-30,5,"$6,214.26"
Online Bike Sellers,2012-05-30,2,"$2,485.70"
Retread Tire Company,2012-05-30,1,$183.94
Retread Tire Company,2012-05-30,1,$202.33
Retread Tire Company,2012-05-30,2,$404.66
Economy Bikes Company,2012-05-30,1,"$1,242.85"
Solid Bike Parts,2012-05-30,1,$600.26
Solid Bike Parts,2012-05-30,1,"$1,308.94"
Solid Bike Parts,2012-05-30,1,$183.94
Solid Bike Parts,2012-05-30,1,$202.33
Solid Bike Parts,2012-05-30,3,$973.36
Solid Bike Parts,2012-05-30,1,$780.82
Grand Bicycle Stores,2012-05-30,2,"$2,458.92"
Safe Cycles Shop,2012-05-30,1,$647.99
Safe Cycles Shop,2012-05-30,3,"$3,688.38"
Safe Cycles Shop,2012-05-30,4,"$4,971.41"
Safe Cycles Shop,2012-05-30,3,"$2,232.82"
Safe Cycles Shop,2012-05-30,3,$161.98
Safe Cycles Shop,2012-05-30,3,$42.39
Safe Cycles Shop,2012-05-30,6,$84.77
Safe Cycles Shop,2012-05-30,5,$100.93
Safe Cycles Shop,2012-05-30,3,"$1,943.98"
Safe Cycles Shop,2012-05-30,2,"$2,458.92"
Safe Cycles Shop,2012-05-30,4,"$4,917.84"
Safe Cycles Shop,2012-05-30,4,$145.79
Safe Cycles Shop,2012-05-30,3,$224.51
Safe Cycles Shop,2012-05-30,3,"$1,943.98"
Safe Cycles Shop,2012-05-30,4,"$2,977.09"
Safe Cycles Shop,2012-05-30,1,$744.27
Safe Cycles Shop,2012-05-30,4,$47.98
Safe Cycles Shop,2012-05-30,2,"$2,485.70"
Safe Cycles Shop,2012-05-30,3,"$2,208.44"
Safe Cycles Shop,2012-05-30,3,$61.56
Safe Cycles Shop,2012-05-30,6,$215.96
Safe Cycles Shop,2012-05-30,10,$51.87
Safe Cycles Shop,2012-05-30,6,"$1,177.97"
Safe Cycles Shop,2012-05-30,8,$230.72
Safe Cycles Shop,2012-05-30,7,$251.96
Safe Cycles Shop,2012-05-30,10,$449.94
Safe Cycles Shop,2012-05-30,4,$60.00
Safe Cycles Shop,2012-05-30,3,$72.88
Safe Cycles Shop,2012-05-30,2,$45.59
Safe Cycles Shop,2012-05-30,3,$266.80
Safe Cycles Shop,2012-05-30,2,$275.39
Safe Cycles Shop,2012-05-30,10,$449.94
Safe Cycles Shop,2012-05-30,3,$161.98
Safe Cycles Shop,2012-05-30,4,$215.98
Safe Cycles Shop,2012-05-30,6,$121.12
Safe Cycles Shop,2012-05-30,2,$67.55
Safe Cycles Shop,2012-05-30,2,"$1,472.29"
Safe Cycles Shop,2012-05-30,3,"$3,728.56"
Safe Cycles Shop,2012-05-30,2,$89.99
Safe Cycles Shop,2012-05-30,2,$283.23
Safe Cycles Shop,2012-05-30,6,"$1,255.54"
Safe Cycles Shop,2012-05-30,3,$86.52
Safe Cycles Shop,2012-05-30,6,$173.04
Safe Cycles Shop,2012-05-30,2,$71.99
Safe Cycles Shop,2012-05-30,5,$100.93
Safe Cycles Shop,2012-05-30,4,$837.02
Community Department Stores,2012-05-30,4,$179.98
Community Department Stores,2012-05-30,6,$173.04
Community Department Stores,2012-05-30,2,"$2,458.92"
Community Department Stores,2012-05-30,5,$224.97
Community Department Stores,2012-05-30,1,"$1,242.85"
Community Department Stores,2012-05-30,1,$22.79
Community Department Stores,2012-05-30,10,$227.94
Community Department Stores,2012-05-30,5,$25.93
Riders Company,2012-05-30,2,$939.59
Riders Company,2012-05-30,6,"$7,853.63"
Riders Company,2012-05-30,2,"$2,932.02"
Riders Company,2012-05-30,2,"$2,932.02"
Riders Company,2012-05-30,2,$367.88
Riders Company,2012-05-30,1,$600.26
Riders Company,2012-05-30,5,"$6,544.69"
Riders Company,2012-05-30,3,"$1,409.38"
Riders Company,2012-05-30,2,$28.26
Riders Company,2012-05-30,2,$939.59
Riders Company,2012-05-30,4,"$1,879.18"
Riders Company,2012-05-30,1,$324.45
Riders Company,2012-05-30,1,$65.60
Riders Company,2012-05-30,1,$198.04
Riders Company,2012-05-30,2,$135.08
Riders Company,2012-05-30,6,$71.96
Riders Company,2012-05-30,1,$600.26
Riders Company,2012-05-30,3,"$3,926.81"
Riders Company,2012-05-30,3,$973.36
Riders Company,2012-05-30,6,$323.96
Riders Company,2012-05-30,2,$404.66
Riders Company,2012-05-30,3,"$1,409.38"
Riders Company,2012-05-30,2,"$2,932.02"
Riders Company,2012-05-30,1,$149.03
Riders Company,2012-05-30,2,$367.88
Riders Company,2012-05-30,4,$809.33
Riders Company,2012-05-30,1,$600.26
Riders Company,2012-05-30,2,"$2,617.88"
Riders Company,2012-05-30,4,$115.36
Riders Company,2012-05-30,7,$105.00
Riders Company,2012-05-30,3,"$1,409.38"
Riders Company,2012-05-30,2,$939.59
Riders Company,2012-05-30,3,"$1,409.38"
Riders Company,2012-05-30,5,$144.20
Riders Company,2012-05-30,1,$469.79
Riders Company,2012-05-30,3,$607.00
Riders Company,2012-05-30,3,"$1,800.79"
Riders Company,2012-05-30,4,"$1,297.81"
Riders Company,2012-05-30,5,"$2,348.97"
Riders Company,2012-05-30,2,"$1,200.53"
Rural Cycle Emporium,2012-05-30,1,"$1,229.46"
Rural Cycle Emporium,2012-05-30,5,"$6,147.29"
Rural Cycle Emporium,2012-05-30,3,"$1,943.98"
Rural Cycle Emporium,2012-05-30,3,"$1,943.98"
Rural Cycle Emporium,2012-05-30,3,"$3,728.56"
Rural Cycle Emporium,2012-05-30,4,"$4,917.84"
Rural Cycle Emporium,2012-05-30,2,$418.51
Rural Cycle Emporium,2012-05-30,4,"$2,591.98"
Rural Cycle Emporium,2012-05-30,2,$105.29
Rural Cycle Emporium,2012-05-30,1,$209.26
Rural Cycle Emporium,2012-05-30,1,$196.33
Rural Cycle Emporium,2012-05-30,1,$209.26
Rural Cycle Emporium,2012-05-30,3,$109.34
Rural Cycle Emporium,2012-05-30,3,$196.81
Rural Cycle Emporium,2012-05-30,3,$424.85
Rural Cycle Emporium,2012-05-30,8,"$5,183.95"
Rural Cycle Emporium,2012-05-30,4,"$4,971.41"
Rural Cycle Emporium,2012-05-30,31,$529.96
Rural Cycle Emporium,2012-05-30,1,$125.42
Rural Cycle Emporium,2012-05-30,2,$67.55
General Cycle Storehouse,2012-05-30,4,"$4,917.84"
General Cycle Storehouse,2012-05-30,3,"$3,728.56"
General Cycle Storehouse,2012-05-30,2,$72.89
General Cycle Storehouse,2012-05-30,7,"$4,535.96"
General Cycle Storehouse,2012-05-30,2,$131.20
General Cycle Storehouse,2012-05-30,1,$209.26
General Cycle Storehouse,2012-05-30,3,$134.98
General Cycle Storehouse,2012-05-30,1,"$1,229.46"
General Cycle Storehouse,2012-05-30,3,$376.25
General Cycle Storehouse,2012-05-30,2,$40.37
General Cycle Storehouse,2012-05-30,2,"$1,295.99"
General Cycle Storehouse,2012-05-30,3,"$1,943.98"
General Cycle Storehouse,2012-05-30,5,"$6,214.26"
General Cycle Storehouse,2012-05-30,2,$283.23
General Cycle Storehouse,2012-05-30,3,$60.56
General Cycle Storehouse,2012-05-30,4,$80.75
General Cycle Storehouse,2012-05-30,1,$209.26
General Cycle Storehouse,2012-05-30,2,$57.68
General Cycle Storehouse,2012-05-30,3,$134.98
General Cycle Storehouse,2012-05-30,4,"$4,917.84"
General Cycle Storehouse,2012-05-30,2,$418.51
General Cycle Storehouse,2012-05-30,3,"$2,232.82"
General Cycle Storehouse,2012-05-30,3,"$1,943.98"
General Cycle Storehouse,2012-05-30,3,$157.94
General Cycle Storehouse,2012-05-30,18,$357.30
General Cycle Storehouse,2012-05-30,3,$588.99
General Cycle Storehouse,2012-05-30,6,$31.12
Future Bikes,2012-05-30,1,$469.79
Future Bikes,2012-05-30,2,$404.66
Future Bikes,2012-05-30,3,"$1,409.38"
Sports Store,2012-05-30,2,$41.04
Sports Store,2012-05-30,2,"$1,488.55"
Gear-Shift Bikes Limited,2012-05-30,1,$202.33
General Industries,2012-05-30,1,$28.84
General Industries,2012-05-30,8,$41.49
Trailblazing Sports,2012-05-30,8,$490.99
Trailblazing Sports,2012-05-30,1,"$1,242.85"
Trailblazing Sports,2012-05-30,4,"$4,917.84"
Trailblazing Sports,2012-05-30,3,"$2,208.44"
Trailblazing Sports,2012-05-30,6,$826.16
Trailblazing Sports,2012-05-30,1,$736.15
Trailblazing Sports,2012-05-30,3,"$2,232.82"
Trailblazing Sports,2012-05-30,1,$24.29
Trailblazing Sports,2012-05-30,6,$849.69
Trailblazing Sports,2012-05-30,2,"$1,488.55"
Trailblazing Sports,2012-05-30,3,"$1,943.98"
Trailblazing Sports,2012-05-30,1,"$1,242.85"
Trailblazing Sports,2012-05-30,1,$209.26
Trailblazing Sports,2012-05-30,1,$647.99
Trailblazing Sports,2012-05-30,3,$266.80
Trailblazing Sports,2012-05-30,6,"$1,177.97"
Trailblazing Sports,2012-05-30,3,$68.38
Trailblazing Sports,2012-05-30,2,"$2,458.92"
Trailblazing Sports,2012-05-30,1,"$1,242.85"
Trailblazing Sports,2012-05-30,3,$109.34
Trailblazing Sports,2012-05-30,4,$299.35
Trailblazing Sports,2012-05-30,5,$113.97
Trailblazing Sports,2012-05-30,2,"$2,458.92"
Optimal Bikes,2012-05-30,1,$202.33
Optimal Bikes,2012-05-30,1,$14.13
Optimal Bikes,2012-05-30,2,$30.00
Cash & Carry Bikes,2012-05-30,3,$68.38
Sales and Supply Company,2012-05-30,8,"$3,758.35"
Sales and Supply Company,2012-05-30,2,"$2,617.88"
Sales and Supply Company,2012-05-30,6,$323.96
Sales and Supply Company,2012-05-30,5,"$3,001.31"
Sales and Supply Company,2012-05-30,6,"$7,853.63"
Sales and Supply Company,2012-05-30,3,"$4,398.03"
Sales and Supply Company,2012-05-30,4,"$1,297.81"
Sales and Supply Company,2012-05-30,1,$198.04
Sales and Supply Company,2012-05-30,8,"$4,802.10"
Sales and Supply Company,2012-05-30,5,"$7,330.05"
Sales and Supply Company,2012-05-30,5,"$1,622.26"
Sales and Supply Company,2012-05-30,6,"$2,818.76"
Sales and Supply Company,2012-05-30,3,$607.00
Sales and Supply Company,2012-05-30,2,$28.26
Sales and Supply Company,2012-05-30,1,$67.54
Sales and Supply Company,2012-05-30,8,$431.95
Sales and Supply Company,2012-05-30,7,"$3,288.56"
Sales and Supply Company,2012-05-30,6,$121.12
Sales and Supply Company,2012-05-30,13,"$5,785.67"
Sales and Supply Company,2012-05-30,17,"$6,954.91"
Sales and Supply Company,2012-05-30,2,$367.88
Sales and Supply Company,2012-05-30,8,$359.95
Sales and Supply Company,2012-05-30,5,"$3,001.31"
Sales and Supply Company,2012-05-30,1,$202.33
Sales and Supply Company,2012-05-30,2,$71.99
Sales and Supply Company,2012-05-30,4,$179.98
Sales and Supply Company,2012-05-30,5,$269.97
Sales and Supply Company,2012-05-30,7,$141.31
Sales and Supply Company,2012-05-30,3,"$1,409.38"
Sales and Supply Company,2012-05-30,1,$183.94
Sales and Supply Company,2012-05-30,9,"$1,820.99"
Sales and Supply Company,2012-05-30,4,$115.36
Sales and Supply Company,2012-05-30,2,$23.99
Sales and Supply Company,2012-05-30,4,"$1,297.81"
Sales and Supply Company,2012-05-30,6,$90.00
Sales and Supply Company,2012-05-30,9,$181.68
Sales and Supply Company,2012-05-30,7,"$3,288.56"
Sales and Supply Company,2012-05-30,2,$71.99
Sales and Supply Company,2012-05-30,8,"$3,758.35"
Sales and Supply Company,2012-05-30,8,"$3,758.35"
Sales and Supply Company,2012-05-30,4,$115.36
Sales and Supply Company,2012-05-30,4,$115.36
Sales and Supply Company,2012-05-30,6,$269.96
Sales and Supply Company,2012-05-30,4,$56.52
Sales and Supply Company,2012-05-30,7,"$1,416.32"
Sales and Supply Company,2012-05-30,3,$107.98
Sales and Supply Company,2012-05-30,2,$10.37
Local Hardware Factory,2012-05-30,2,$939.59
Local Hardware Factory,2012-05-30,5,"$2,348.97"
Local Hardware Factory,2012-05-30,4,"$1,879.18"
Local Hardware Factory,2012-05-30,4,$270.16
Local Hardware Factory,2012-05-30,3,"$1,409.38"
Local Hardware Factory,2012-05-30,4,"$1,879.18"
Local Hardware Factory,2012-05-30,5,"$2,348.97"
Bicycle Outfitters,2012-05-30,3,"$1,409.38"
Bicycle Outfitters,2012-05-30,1,"$1,308.94"
Bicycle Outfitters,2012-05-30,3,"$2,342.45"
Bicycle Outfitters,2012-05-30,1,$149.03
Bicycle Outfitters,2012-05-30,1,"$1,466.01"
Bicycle Outfitters,2012-05-30,3,"$2,342.45"
Bicycle Outfitters,2012-05-30,1,$600.26
Bicycle Outfitters,2012-05-30,1,"$1,466.01"
Futuristic Bikes,2012-05-30,2,$275.39
Elite Bikes,2012-05-30,6,"$2,818.76"
Elite Bikes,2012-05-30,1,$600.26
Elite Bikes,2012-05-30,2,$71.99
Elite Bikes,2012-05-30,3,"$1,409.38"
Elite Bikes,2012-05-30,1,$600.26
Elite Bikes,2012-05-30,2,$71.99
Elite Bikes,2012-05-30,8,$230.72
Elite Bikes,2012-05-30,4,"$2,401.05"
Elite Bikes,2012-05-30,4,$179.98
Elite Bikes,2012-05-30,3,"$3,926.81"
Elite Bikes,2012-05-30,2,$89.99
Elite Bikes,2012-05-30,1,"$1,466.01"
Elite Bikes,2012-05-30,3,"$1,409.38"
Elite Bikes,2012-05-30,4,"$1,297.81"
Elite Bikes,2012-05-30,1,$780.82
Elite Bikes,2012-05-30,3,$161.98
Elite Bikes,2012-05-30,4,"$1,879.18"
Elite Bikes,2012-05-30,7,$141.31
Elite Bikes,2012-05-30,5,$70.64
Elite Bikes,2012-05-30,1,$469.79
Elite Bikes,2012-05-30,2,$939.59
Elite Bikes,2012-05-30,6,$84.77
Elite Bikes,2012-05-30,2,$648.91
Elite Bikes,2012-05-30,3,"$3,926.81"
Elite Bikes,2012-05-30,4,$80.75
Elite Bikes,2012-05-30,6,$323.96
Elite Bikes,2012-05-30,4,"$1,297.81"
Elite Bikes,2012-05-30,1,$15.00
Elite Bikes,2012-05-30,14,$382.50
Elite Bikes,2012-05-30,5,"$2,348.97"
Elite Bikes,2012-05-30,1,$202.33
Elite Bikes,2012-05-30,12,$58.96
Elite Bikes,2012-05-30,4,$143.98
Elite Bikes,2012-05-30,2,$396.07
Elite Bikes,2012-05-30,2,"$2,932.02"
Elite Bikes,2012-05-30,3,"$3,926.81"
Elite Bikes,2012-05-30,8,$161.49
Elite Bikes,2012-05-30,1,$202.33
Elite Bikes,2012-05-30,3,$35.98
Elite Bikes,2012-05-30,10,"$6,002.63"
Elite Bikes,2012-05-30,2,$939.59
Elite Bikes,2012-05-30,5,$269.97
Elite Bikes,2012-05-30,2,$135.08
Elite Bikes,2012-05-30,1,$202.33
Elite Bikes,2012-05-30,5,"$2,348.97"
Elite Bikes,2012-05-30,2,$131.20
Elite Bikes,2012-05-30,4,$115.36
Elite Bikes,2012-05-30,3,"$2,342.45"
Elite Bikes,2012-05-30,8,$359.95
Third Bike Store,2012-05-30,2,$135.08
Third Bike Store,2012-05-30,4,$179.98
Third Bike Store,2012-05-30,6,$269.96
Third Bike Store,2012-05-30,2,$939.59
Third Bike Store,2012-05-30,1,$469.79
Third Bike Store,2012-05-30,3,"$1,409.38"
Third Bike Store,2012-05-30,1,$20.19
Elemental Sporting Goods,2012-05-30,2,$45.59
Elemental Sporting Goods,2012-05-30,4,$91.18
Elemental Sporting Goods,2012-05-30,2,"$2,458.92"
Elemental Sporting Goods,2012-05-30,3,"$3,688.38"
Elemental Sporting Goods,2012-05-30,3,$68.38
Elemental Sporting Goods,2012-05-30,1,"$1,242.85"
Elemental Sporting Goods,2012-05-30,2,"$2,485.70"
Discount Tours,2012-05-30,3,"$1,409.38"
Discount Tours,2012-05-30,3,$86.52
Discount Tours,2012-05-30,1,$469.79
Discount Tours,2012-05-30,3,$15.56
Fitness Hotel,2012-05-30,1,$469.79
Fitness Hotel,2012-05-30,1,$202.33
Fitness Hotel,2012-05-30,1,$324.45
Fitness Hotel,2012-05-30,1,"$1,308.94"
Fitness Hotel,2012-05-30,1,$183.94
Modern Bike Store,2012-05-30,1,$183.94
Coalition Bike Company,2012-05-30,1,$15.00
Coalition Bike Company,2012-05-30,5,$59.97
Coalition Bike Company,2012-05-30,1,$209.26
Coalition Bike Company,2012-05-30,3,"$2,208.44"
Coalition Bike Company,2012-05-30,1,$20.19
Coalition Bike Company,2012-05-30,2,"$1,488.55"
Coalition Bike Company,2012-05-30,1,$180.13
Coalition Bike Company,2012-05-30,3,$42.39
Coalition Bike Company,2012-05-30,2,$57.68
Coalition Bike Company,2012-05-30,5,$144.20
Small Bike Shop,2012-05-30,4,"$4,971.41"
Small Bike Shop,2012-05-30,4,"$2,591.98"
Small Bike Shop,2012-05-30,3,"$1,943.98"
Small Bike Shop,2012-05-30,1,$52.65
Small Bike Shop,2012-05-30,1,$744.27
Small Bike Shop,2012-05-30,2,$67.55
Small Bike Shop,2012-05-30,6,"$3,887.96"
Small Bike Shop,2012-05-30,3,"$3,728.56"
Small Bike Shop,2012-05-30,1,"$1,229.46"
Small Bike Shop,2012-05-30,3,"$3,688.38"
Small Bike Shop,2012-05-30,1,$209.26
Small Bike Shop,2012-05-30,1,$196.33
Small Bike Shop,2012-05-30,2,"$1,472.29"
Small Bike Shop,2012-05-30,2,"$1,295.99"
Small Bike Shop,2012-05-30,2,$250.83
Small Bike Shop,2012-05-30,3,$196.81
Small Bike Shop,2012-05-30,1,$22.79
Small Bike Shop,2012-05-30,2,$283.23
Small Bike Shop,2012-05-30,2,$72.89
Small Bike Shop,2012-05-30,7,"$8,699.96"
Small Bike Shop,2012-05-30,3,$627.77
Famous Bike Sales and Service,2012-05-30,2,$939.59
Famous Bike Sales and Service,2012-05-30,2,$57.68
Famous Bike Sales and Service,2012-05-30,3,$202.62
Famous Bike Sales and Service,2012-05-30,1,$469.79
Famous Bike Sales and Service,2012-05-30,4,$20.75
Famous Bike Sales and Service,2012-05-30,1,$469.79
Famous Bike Sales and Service,2012-05-30,1,$469.79
Famous Bike Sales and Service,2012-05-30,3,"$1,409.38"
Westside Cycle Store,2012-05-30,4,$20.75
Westside Cycle Store,2012-05-30,3,$86.52
Many Bikes Store,2012-05-30,2,$392.66
Many Bikes Store,2012-05-30,4,"$2,591.98"
Many Bikes Store,2012-05-30,3,"$3,728.56"
Many Bikes Store,2012-05-30,3,$157.94
Many Bikes Store,2012-05-30,1,"$1,229.46"
Many Bikes Store,2012-05-30,6,"$7,376.75"
Many Bikes Store,2012-05-30,1,$209.26
Many Bikes Store,2012-05-30,4,$837.02
Many Bikes Store,2012-05-30,2,$57.68
Many Bikes Store,2012-05-30,7,"$8,699.96"
Many Bikes Store,2012-05-30,2,"$1,295.99"
Many Bikes Store,2012-05-30,2,$250.83
Many Bikes Store,2012-05-30,6,$173.04
Many Bikes Store,2012-05-30,5,$100.93
Many Bikes Store,2012-05-30,3,"$3,728.56"
Many Bikes Store,2012-05-30,3,$161.98
Many Bikes Store,2012-05-30,2,$418.51
Many Bikes Store,2012-05-30,2,"$1,295.99"
Many Bikes Store,2012-05-30,2,"$1,488.55"
Many Bikes Store,2012-05-30,2,$40.37
Many Bikes Store,2012-05-30,5,$144.20
Many Bikes Store,2012-05-30,1,$141.62
Many Bikes Store,2012-05-30,3,"$1,943.98"
Many Bikes Store,2012-05-30,3,$15.56
Many Bikes Store,2012-05-30,4,$720.52
Many Bikes Store,2012-05-30,5,$179.97
Many Bikes Store,2012-05-30,2,$131.20
Many Bikes Store,2012-05-30,1,$36.45
Many Bikes Store,2012-05-30,9,$205.15
Many Bikes Store,2012-05-30,2,$89.99
Many Bikes Store,2012-05-30,6,$121.12
Many Bikes Store,2012-05-30,6,$269.96
Metropolitan Sports Supply,2012-05-30,2,$135.08
Metropolitan Sports Supply,2012-05-30,4,"$1,879.18"
Metropolitan Sports Supply,2012-05-30,2,$939.59
Metropolitan Sports Supply,2012-05-30,2,$939.59
Metropolitan Sports Supply,2012-05-30,2,$939.59
Metropolitan Sports Supply,2012-05-30,3,$134.98
Metropolitan Sports Supply,2012-05-30,3,"$1,409.38"
Metropolitan Sports Supply,2012-05-30,3,"$1,409.38"
Metropolitan Sports Supply,2012-05-30,3,$134.98
Paint Supply,2012-05-30,3,"$1,943.98"
Paint Supply,2012-05-30,2,"$2,458.92"
Paint Supply,2012-05-30,3,$72.88
Paint Supply,2012-05-30,1,"$1,242.85"
Paint Supply,2012-05-30,1,$647.99
Paint Supply,2012-05-30,1,"$1,229.46"
Paint Supply,2012-05-30,2,"$1,295.99"
Paint Supply,2012-05-30,2,$72.89
Paint Supply,2012-05-30,3,$224.51
Paint Supply,2012-05-30,1,$744.27
Paint Supply,2012-05-30,2,"$1,472.29"
Paint Supply,2012-05-30,4,$179.98
Paint Supply,2012-05-30,6,$849.69
Paint Supply,2012-05-30,2,$28.26
Paint Supply,2012-05-30,9,$323.95
Paint Supply,2012-05-30,3,"$1,943.98"
Paint Supply,2012-05-30,3,$161.98
Paint Supply,2012-05-30,4,$80.75
Paint Supply,2012-05-30,2,$67.55
Paint Supply,2012-05-30,2,$177.86
Paint Supply,2012-05-30,4,$179.98
Paint Supply,2012-05-30,4,$837.02
Paint Supply,2012-05-30,3,$184.12
Paint Supply,2012-05-30,3,$413.08
Paint Supply,2012-05-30,5,$179.97
Paint Supply,2012-05-30,4,$215.98
Paint Supply,2012-05-30,10,$51.87
Paint Supply,2012-05-30,3,$627.77
Paint Supply,2012-05-30,4,$179.98
Paint Supply,2012-05-30,2,$40.37
Paint Supply,2012-05-30,3,"$2,232.82"
Paint Supply,2012-05-30,4,"$4,971.41"
Paint Supply,2012-05-30,4,"$2,944.58"
Paint Supply,2012-05-30,6,$84.77
Paint Supply,2012-05-30,6,$71.96
Paint Supply,2012-05-30,5,$100.93
Paint Supply,2012-05-30,8,$182.35
Paint Supply,2012-05-30,4,$143.98
Paint Supply,2012-05-30,2,$107.99
Paint Supply,2012-05-30,2,$57.68
Paint Supply,2012-05-30,12,$327.86
Paint Supply,2012-05-30,2,$392.66
Paint Supply,2012-05-30,6,$136.76
Paint Supply,2012-05-30,4,$60.00
Paint Supply,2012-05-30,3,$86.52
The New Bike Store,2012-05-30,3,"$1,409.38"
Active Cycling,2012-05-30,3,"$1,409.38"
Advanced Bike Components,2012-05-30,8,$161.49
Advanced Bike Components,2012-05-30,2,$939.59
Advanced Bike Components,2012-05-30,3,$107.98
Advanced Bike Components,2012-05-30,4,"$1,879.18"
Advanced Bike Components,2012-05-30,1,$202.33
Advanced Bike Components,2012-05-30,2,$28.26
Advanced Bike Components,2012-05-30,1,"$1,308.94"
Advanced Bike Components,2012-05-30,2,$107.99
Advanced Bike Components,2012-05-30,2,"$1,200.53"
Advanced Bike Components,2012-05-30,1,$202.33
Advanced Bike Components,2012-05-30,12,$327.86
Advanced Bike Components,2012-05-30,12,"$5,340.62"
Advanced Bike Components,2012-05-30,6,$269.96
Advanced Bike Components,2012-05-30,1,$469.79
Advanced Bike Components,2012-05-30,2,$298.06
Advanced Bike Components,2012-05-30,1,$183.94
Advanced Bike Components,2012-05-30,5,$59.97
Advanced Bike Components,2012-05-30,2,$939.59
Advanced Bike Components,2012-05-30,3,"$4,398.03"
Advanced Bike Components,2012-05-30,4,$735.75
Advanced Bike Components,2012-05-30,8,$359.95
Advanced Bike Components,2012-05-30,2,$71.99
Advanced Bike Components,2012-05-30,2,$28.26
Advanced Bike Components,2012-05-30,7,$201.88
Advanced Bike Components,2012-05-30,9,$404.95
Advanced Bike Components,2012-05-30,1,$202.33
Advanced Bike Components,2012-05-30,3,$86.52
Advanced Bike Components,2012-05-30,6,"$2,818.76"
Advanced Bike Components,2012-05-30,3,$594.11
Advanced Bike Components,2012-05-30,4,$80.75
Advanced Bike Components,2012-05-30,14,$68.79
Advanced Bike Components,2012-05-30,7,$141.31
Advanced Bike Components,2012-05-30,5,$75.00
Advanced Bike Components,2012-05-30,2,"$1,200.53"
Advanced Bike Components,2012-05-30,3,"$3,926.81"
Advanced Bike Components,2012-05-30,3,$973.36
Advanced Bike Components,2012-05-30,4,"$2,401.05"
Advanced Bike Components,2012-05-30,6,$323.96
Advanced Bike Components,2012-05-30,2,$107.99
Advanced Bike Components,2012-05-30,3,"$4,398.03"
Advanced Bike Components,2012-05-30,9,$323.95
Advanced Bike Components,2012-05-30,2,$135.08
Advanced Bike Components,2012-05-30,2,$404.66
Advanced Bike Components,2012-05-30,3,"$1,409.38"
Advanced Bike Components,2012-05-30,5,"$2,348.97"
Advanced Bike Components,2012-05-30,1,$469.79
Responsible Bike Dealers,2012-05-30,2,$57.68
Responsible Bike Dealers,2012-05-30,5,$25.93
Responsible Bike Dealers,2012-05-30,2,$89.99
Responsible Bike Dealers,2012-05-30,4,$179.98
Responsible Bike Dealers,2012-05-30,1,"$1,229.46"
Responsible Bike Dealers,2012-05-30,2,$45.59
Responsible Bike Dealers,2012-05-30,3,$68.38
Responsible Bike Dealers,2012-05-30,4,$91.18
Chic Department Stores,2012-05-30,2,$48.59
Chic Department Stores,2012-05-30,1,$736.15
Chic Department Stores,2012-05-30,5,"$6,147.29"
Chic Department Stores,2012-05-30,1,$209.26
Chic Department Stores,2012-05-30,1,$33.77
Chic Department Stores,2012-05-30,3,$224.51
Chic Department Stores,2012-05-30,3,"$2,208.44"
Chic Department Stores,2012-05-30,1,$647.99
Chic Department Stores,2012-05-30,4,$91.18
Chic Department Stores,2012-05-30,4,"$4,917.84"
Chic Department Stores,2012-05-30,1,$647.99
Chic Department Stores,2012-05-30,1,$744.27
Chic Department Stores,2012-05-30,6,"$1,255.54"
Chic Department Stores,2012-05-30,3,"$3,688.38"
Chic Department Stores,2012-05-30,3,$68.38
Chic Department Stores,2012-05-30,3,$266.80
Chic Department Stores,2012-05-30,5,"$1,046.28"
Chic Department Stores,2012-05-30,2,"$1,488.55"
Chic Department Stores,2012-05-30,1,$647.99
Chic Department Stores,2012-05-30,2,"$1,488.55"
Chic Department Stores,2012-05-30,2,$392.66
Chic Department Stores,2012-05-30,1,"$1,242.85"
Chic Department Stores,2012-05-30,2,$283.23
Chic Department Stores,2012-05-30,2,"$2,485.70"
Chic Department Stores,2012-05-30,3,"$1,943.98"
Chic Department Stores,2012-05-30,2,$122.75
Chic Department Stores,2012-05-30,1,$20.52
Central Discount Store,2012-05-30,6,$136.76
Central Discount Store,2012-05-30,2,$89.99
Central Discount Store,2012-05-30,1,$28.84
Central Discount Store,2012-05-30,4,$91.18
Central Discount Store,2012-05-30,1,"$1,242.85"
Central Discount Store,2012-05-30,2,$10.37
Central Discount Store,2012-05-30,1,$22.79
Central Discount Store,2012-05-30,4,$179.98
Central Discount Store,2012-05-30,1,"$1,242.85"
Valley Bicycle Specialists,2012-05-30,1,$20.52
Finer Parts Shop,2012-05-30,2,$45.59
Finer Parts Shop,2012-05-30,2,"$1,472.29"
Finer Parts Shop,2012-05-30,1,"$1,242.85"
Finer Parts Shop,2012-05-30,1,$180.13
Golf and Cycle Store,2012-05-30,8,"$1,570.63"
Golf and Cycle Store,2012-05-30,6,$136.76
Golf and Cycle Store,2012-05-30,2,"$1,488.55"
Golf and Cycle Store,2012-05-30,7,"$8,699.96"
Golf and Cycle Store,2012-05-30,6,"$4,416.87"
Golf and Cycle Store,2012-05-30,3,"$1,943.98"
Golf and Cycle Store,2012-05-30,4,$837.02
Golf and Cycle Store,2012-05-30,6,"$7,376.75"
Golf and Cycle Store,2012-05-30,4,"$4,917.84"
Golf and Cycle Store,2012-05-30,8,"$1,674.05"
Golf and Cycle Store,2012-05-30,5,$688.47
Golf and Cycle Store,2012-05-30,2,$67.55
Golf and Cycle Store,2012-05-30,1,$736.15
Golf and Cycle Store,2012-05-30,4,$299.35
Golf and Cycle Store,2012-05-30,2,$48.59
Golf and Cycle Store,2012-05-30,4,$91.18
Golf and Cycle Store,2012-05-30,3,"$1,943.98"
Golf and Cycle Store,2012-05-30,5,"$3,721.36"
Golf and Cycle Store,2012-05-30,1,$88.93
Golf and Cycle Store,2012-05-30,6,"$7,457.11"
Golf and Cycle Store,2012-05-30,2,"$1,295.99"
Golf and Cycle Store,2012-05-30,4,"$2,591.98"
Golf and Cycle Store,2012-05-30,10,"$1,416.15"
Golf and Cycle Store,2012-05-30,4,"$2,977.09"
Golf and Cycle Store,2012-05-30,5,$182.24
Golf and Cycle Store,2012-05-30,9,$552.37
Golf and Cycle Store,2012-05-30,3,"$3,728.56"
Golf and Cycle Store,2012-05-30,5,"$6,147.29"
Golf and Cycle Store,2012-05-30,3,$627.77
Golf and Cycle Store,2012-05-30,1,$53.99
Remarkable Bike Store,2012-05-30,4,"$1,879.18"
Remarkable Bike Store,2012-05-30,2,$939.59
Remarkable Bike Store,2012-05-30,4,"$1,879.18"
Remarkable Bike Store,2012-05-30,2,$939.59
Remarkable Bike Store,2012-05-30,2,$939.59
Remarkable Bike Store,2012-05-30,1,$469.79
Bulk Discount Store,2012-05-30,5,"$2,348.97"
Bulk Discount Store,2012-05-30,1,$44.99
Bulk Discount Store,2012-05-30,4,"$5,235.75"
Bulk Discount Store,2012-05-30,3,$973.36
Bulk Discount Store,2012-05-30,1,$198.04
Bulk Discount Store,2012-05-30,3,$107.98
Bulk Discount Store,2012-05-30,4,"$5,235.75"
Bulk Discount Store,2012-05-30,2,"$1,200.53"
Bulk Discount Store,2012-05-30,7,"$1,416.32"
Bulk Discount Store,2012-05-30,2,$939.59
Bulk Discount Store,2012-05-30,5,$269.97
Bulk Discount Store,2012-05-30,2,$939.59
Bulk Discount Store,2012-05-30,3,$607.00
Bulk Discount Store,2012-05-30,2,"$2,617.88"
Bulk Discount Store,2012-05-30,2,$10.37
Bulk Discount Store,2012-05-30,3,"$1,800.79"
Bulk Discount Store,2012-05-30,2,$57.68
Bulk Discount Store,2012-05-30,3,"$1,409.38"
Bulk Discount Store,2012-05-30,4,"$1,879.18"
Bulk Discount Store,2012-05-30,2,$939.59
Bulk Discount Store,2012-05-30,3,"$4,398.03"
Bulk Discount Store,2012-05-30,1,$202.33
Bulk Discount Store,2012-05-30,1,$324.45
Bulk Discount Store,2012-05-30,1,$149.03
Bulk Discount Store,2012-05-30,3,"$4,398.03"
Bulk Discount Store,2012-05-30,1,$469.79
Bulk Discount Store,2012-05-30,3,$86.52
Bulk Discount Store,2012-05-30,3,$60.56
Bulk Discount Store,2012-05-30,3,"$1,409.38"
Bulk Discount Store,2012-05-30,5,$224.97
Bulk Discount Store,2012-05-30,3,"$3,926.81"
Bulk Discount Store,2012-05-30,1,$469.79
Bulk Discount Store,2012-05-30,2,"$2,617.88"
Bulk Discount Store,2012-05-30,1,$202.33
Bulk Discount Store,2012-05-30,4,"$1,297.81"
Bulk Discount Store,2012-05-30,2,$135.08
Bulk Discount Store,2012-05-30,2,$939.59
Bulk Discount Store,2012-05-30,2,"$1,200.53"
Bulk Discount Store,2012-05-30,2,$57.68
Bulk Discount Store,2012-05-30,1,$469.79
Bulk Discount Store,2012-05-30,6,$121.12
Bicycle Accessories and Kits,2012-05-30,1,"$1,229.46"
Bicycle Accessories and Kits,2012-05-30,1,$209.26
Bicycle Accessories and Kits,2012-05-30,2,"$1,488.55"
Bicycle Accessories and Kits,2012-05-30,2,$45.59
Bicycle Accessories and Kits,2012-05-30,2,$360.26
Bicycle Accessories and Kits,2012-05-30,1,$736.15
Authentic Sales and Service,2012-05-30,6,$136.76
Authentic Sales and Service,2012-05-30,2,$45.59
Metropolitan Bicycle Supply,2012-05-30,8,"$1,674.05"
Metropolitan Bicycle Supply,2012-05-30,9,"$11,185.67"
Metropolitan Bicycle Supply,2012-05-30,1,$36.45
Metropolitan Bicycle Supply,2012-05-30,1,$209.26
Metropolitan Bicycle Supply,2012-05-30,8,"$1,674.05"
Metropolitan Bicycle Supply,2012-05-30,7,$236.42
Metropolitan Bicycle Supply,2012-05-30,4,$355.73
Metropolitan Bicycle Supply,2012-05-30,4,$97.18
Metropolitan Bicycle Supply,2012-05-30,3,$413.08
Metropolitan Bicycle Supply,2012-05-30,4,"$2,591.98"
Metropolitan Bicycle Supply,2012-05-30,4,"$2,591.98"
Metropolitan Bicycle Supply,2012-05-30,2,$149.68
Metropolitan Bicycle Supply,2012-05-30,7,"$8,606.21"
Metropolitan Bicycle Supply,2012-05-30,3,"$1,943.98"
Metropolitan Bicycle Supply,2012-05-30,4,"$2,591.98"
Metropolitan Bicycle Supply,2012-05-30,8,"$9,942.81"
Metropolitan Bicycle Supply,2012-05-30,4,"$2,977.09"
Metropolitan Bicycle Supply,2012-05-30,3,"$2,232.82"
Metropolitan Bicycle Supply,2012-05-30,2,$122.75
Metropolitan Bicycle Supply,2012-05-30,4,"$4,917.84"
Metropolitan Bicycle Supply,2012-05-30,8,"$1,132.92"
Metropolitan Bicycle Supply,2012-05-30,2,"$1,472.29"
Metropolitan Bicycle Supply,2012-05-30,6,$136.76
Metropolitan Bicycle Supply,2012-05-30,6,"$1,177.97"
Metropolitan Bicycle Supply,2012-05-30,1,$20.52
Metropolitan Bicycle Supply,2012-05-30,4,"$4,971.41"
Metropolitan Bicycle Supply,2012-05-30,4,"$4,917.84"
Metropolitan Bicycle Supply,2012-05-30,3,"$2,208.44"
Metropolitan Bicycle Supply,2012-05-30,6,$136.76
Metropolitan Bicycle Supply,2012-05-30,3,"$2,232.82"
Certified Bicycle Supply,2012-05-30,2,$89.99
Certified Bicycle Supply,2012-05-30,1,$469.79
Certified Bicycle Supply,2012-05-30,1,$469.79
Certified Bicycle Supply,2012-05-30,4,"$1,879.18"
Certified Bicycle Supply,2012-05-30,1,$44.99
Certified Bicycle Supply,2012-05-30,2,$57.68
Certified Bicycle Supply,2012-05-30,4,$20.75
Certified Bicycle Supply,2012-05-30,1,$469.79
Certified Bicycle Supply,2012-05-30,1,$324.45
Certified Bicycle Supply,2012-05-30,1,$469.79
Selected Distributors,2012-05-30,2,$45.59
Selected Distributors,2012-05-30,1,$22.79
Selected Distributors,2012-05-30,2,"$2,458.92"
Selected Distributors,2012-05-30,1,"$1,229.46"
Larger Cycle Shop,2012-05-30,1,"$1,466.01"
Larger Cycle Shop,2012-05-30,13,$248.60
Larger Cycle Shop,2012-05-30,5,$269.97
Larger Cycle Shop,2012-05-30,3,$607.00
Larger Cycle Shop,2012-05-30,5,$144.20
Larger Cycle Shop,2012-05-30,3,$551.81
Larger Cycle Shop,2012-05-30,1,$35.99
Larger Cycle Shop,2012-05-30,6,$323.96
Larger Cycle Shop,2012-05-30,2,$648.91
Larger Cycle Shop,2012-05-30,2,$367.88
Larger Cycle Shop,2012-05-30,5,"$2,348.97"
Larger Cycle Shop,2012-05-30,3,"$1,409.38"
Larger Cycle Shop,2012-05-30,2,$135.08
Larger Cycle Shop,2012-05-30,8,"$3,758.35"
Larger Cycle Shop,2012-05-30,1,$324.45
Larger Cycle Shop,2012-05-30,5,$745.16
Larger Cycle Shop,2012-05-30,8,"$3,758.35"
Larger Cycle Shop,2012-05-30,3,$35.98
Larger Cycle Shop,2012-05-30,2,"$1,200.53"
Larger Cycle Shop,2012-05-30,4,$215.98
Larger Cycle Shop,2012-05-30,3,$107.98
Larger Cycle Shop,2012-05-30,3,$973.36
Larger Cycle Shop,2012-05-30,5,$224.97
Larger Cycle Shop,2012-05-30,1,$469.79
Larger Cycle Shop,2012-05-30,1,$600.26
Larger Cycle Shop,2012-05-30,2,"$2,932.02"
Larger Cycle Shop,2012-05-30,6,$121.12
Larger Cycle Shop,2012-05-30,1,"$1,308.94"
Larger Cycle Shop,2012-05-30,2,$396.07
Larger Cycle Shop,2012-05-30,2,$57.68
Larger Cycle Shop,2012-05-30,3,$134.98
Larger Cycle Shop,2012-05-30,4,$143.98
Larger Cycle Shop,2012-05-30,7,"$4,201.84"
Larger Cycle Shop,2012-05-30,3,"$3,926.81"
Larger Cycle Shop,2012-05-30,2,$404.66
Larger Cycle Shop,2012-05-30,2,"$2,617.88"
Larger Cycle Shop,2012-05-30,1,$780.82
Larger Cycle Shop,2012-05-30,5,$70.64
Larger Cycle Shop,2012-05-30,5,$144.20
Larger Cycle Shop,2012-05-30,3,$45.00
Larger Cycle Shop,2012-05-30,6,$84.77
Larger Cycle Shop,2012-05-30,4,"$1,879.18"
Larger Cycle Shop,2012-05-30,8,"$3,758.35"
Larger Cycle Shop,2012-05-30,1,$202.33
Larger Cycle Shop,2012-05-30,1,$202.33
Larger Cycle Shop,2012-05-30,9,$404.95
Larger Cycle Shop,2012-05-30,3,"$4,398.03"
Larger Cycle Shop,2012-05-30,1,$65.60
Larger Cycle Shop,2012-05-30,6,"$1,103.63"
Larger Cycle Shop,2012-05-30,1,$20.19
Excellent Riding Supplies,2012-05-30,7,"$3,288.56"
Excellent Riding Supplies,2012-05-30,2,"$1,200.53"
Excellent Riding Supplies,2012-05-30,4,"$5,864.04"
Excellent Riding Supplies,2012-05-30,2,"$2,617.88"
Excellent Riding Supplies,2012-05-30,4,"$1,879.18"
Excellent Riding Supplies,2012-05-30,6,"$1,213.99"
Excellent Riding Supplies,2012-05-30,4,"$5,235.75"
Excellent Riding Supplies,2012-05-30,3,"$1,409.38"
Excellent Riding Supplies,2012-05-30,3,$973.36
Excellent Riding Supplies,2012-05-30,4,"$1,879.18"
Excellent Riding Supplies,2012-05-30,3,"$1,800.79"
Excellent Riding Supplies,2012-05-30,2,$939.59
Excellent Riding Supplies,2012-05-30,3,"$1,409.38"
Excellent Riding Supplies,2012-05-30,4,"$2,401.05"
Excellent Riding Supplies,2012-05-30,4,"$2,401.05"
Excellent Riding Supplies,2012-05-30,7,"$3,288.56"
Excellent Riding Supplies,2012-05-30,7,"$10,262.07"
Excellent Riding Supplies,2012-05-30,3,$202.62
Excellent Riding Supplies,2012-05-30,4,"$1,297.81"
Excellent Riding Supplies,2012-05-30,3,$196.81
Excellent Riding Supplies,2012-05-30,4,"$5,235.75"
Excellent Riding Supplies,2012-05-30,4,"$1,879.18"
Excellent Riding Supplies,2012-05-30,1,$44.99
Excellent Riding Supplies,2012-05-30,5,"$2,348.97"
Excellent Riding Supplies,2012-05-30,2,$396.07
Excellent Riding Supplies,2012-05-30,3,$551.81
Excellent Riding Supplies,2012-05-30,2,$939.59
Excellent Riding Supplies,2012-05-30,3,$607.00
Excellent Riding Supplies,2012-05-30,5,"$6,544.69"
Excellent Riding Supplies,2012-05-30,4,$735.75
Excellent Riding Supplies,2012-05-30,4,"$1,879.18"
Excellent Riding Supplies,2012-05-30,7,"$10,262.07"
Excellent Riding Supplies,2012-05-30,6,"$7,853.63"
Excellent Riding Supplies,2012-05-30,6,"$1,946.72"
Excellent Riding Supplies,2012-05-30,1,$202.33
Excellent Riding Supplies,2012-05-30,8,"$3,758.35"
Excellent Riding Supplies,2012-05-30,6,"$1,213.99"
Excellent Riding Supplies,2012-05-30,3,"$1,800.79"
The Bike Mechanics,2012-05-30,2,"$2,485.70"
Next-Door Bike Store,2012-05-30,5,$59.97
Next-Door Bike Store,2012-05-30,2,$71.99
Next-Door Bike Store,2012-05-30,1,$647.99
Next-Door Bike Store,2012-05-30,3,$424.85
Next-Door Bike Store,2012-05-30,3,$86.52
Next-Door Bike Store,2012-05-30,4,"$2,944.58"
Next-Door Bike Store,2012-05-30,1,$15.00
Next-Door Bike Store,2012-05-30,3,$134.98
Next-Door Bike Store,2012-05-30,2,"$1,295.99"
Next-Door Bike Store,2012-05-30,4,$837.02
Next-Door Bike Store,2012-05-30,2,$45.59
Next-Door Bike Store,2012-05-30,2,"$2,458.92"
Next-Door Bike Store,2012-05-30,7,$201.88
Next-Door Bike Store,2012-05-30,3,"$1,943.98"
Next-Door Bike Store,2012-05-30,1,"$1,229.46"
Next-Door Bike Store,2012-05-30,4,"$2,591.98"
Next-Door Bike Store,2012-05-30,4,$20.75
Next-Door Bike Store,2012-05-30,5,$269.97
Next-Door Bike Store,2012-05-30,3,$60.56
Next-Door Bike Store,2012-05-30,3,$109.34
Next-Door Bike Store,2012-05-30,6,$121.12
Next-Door Bike Store,2012-05-30,2,$67.55
Next-Door Bike Store,2012-05-30,2,"$1,488.55"
Next-Door Bike Store,2012-05-30,2,$418.51
Next-Door Bike Store,2012-05-30,3,$588.99
Next-Door Bike Store,2012-05-30,4,$262.41
Next-Door Bike Store,2012-05-30,1,$44.99
Next-Door Bike Store,2012-05-30,5,"$6,214.26"
Next-Door Bike Store,2012-05-30,1,$52.65
Next-Door Bike Store,2012-05-30,2,"$2,485.70"
Next-Door Bike Store,2012-05-30,4,"$4,971.41"
Next-Door Bike Store,2012-05-30,3,$86.52
Next-Door Bike Store,2012-05-30,10,$227.94
Next-Door Bike Store,2012-05-30,4,$80.75
Extraordinary Bike Works,2012-05-30,2,"$1,295.99"
Extraordinary Bike Works,2012-05-30,10,$227.94
Extraordinary Bike Works,2012-05-30,3,"$3,688.38"
Extraordinary Bike Works,2012-05-30,1,$736.15
Extraordinary Bike Works,2012-05-30,1,"$1,242.85"
Extraordinary Bike Works,2012-05-30,2,$48.59
Extraordinary Bike Works,2012-05-30,1,"$1,242.85"
Extraordinary Bike Works,2012-05-30,3,"$1,943.98"
Extraordinary Bike Works,2012-05-30,2,"$1,295.99"
Extraordinary Bike Works,2012-05-30,3,$224.51
Extraordinary Bike Works,2012-05-30,2,"$1,488.55"
Extraordinary Bike Works,2012-05-30,2,"$2,458.92"
Extraordinary Bike Works,2012-05-30,6,$136.76
Extraordinary Bike Works,2012-05-30,1,$141.62
Extraordinary Bike Works,2012-05-30,1,$209.26
Extraordinary Bike Works,2012-05-30,1,$744.27
Extraordinary Bike Works,2012-05-30,2,"$1,472.29"
Extraordinary Bike Works,2012-05-30,5,"$6,214.26"
Extraordinary Bike Works,2012-05-30,3,"$2,232.82"
Extraordinary Bike Works,2012-05-30,4,$550.78
Extraordinary Bike Works,2012-05-30,1,$647.99
Extraordinary Bike Works,2012-05-30,1,$35.99
Extraordinary Bike Works,2012-05-30,3,$266.80
Extraordinary Bike Works,2012-05-30,1,"$1,229.46"
Extraordinary Bike Works,2012-05-30,5,$306.87
Extraordinary Bike Works,2012-05-30,3,$627.77
Extraordinary Bike Works,2012-05-30,4,$837.02
Retail Sporting Equipment,2012-05-30,3,"$2,208.44"
Retail Sporting Equipment,2012-05-30,1,"$1,242.85"
Retail Sporting Equipment,2012-05-30,1,"$1,229.46"
Retail Sporting Equipment,2012-05-30,7,$429.62
Retail Sporting Equipment,2012-05-30,4,"$2,591.98"
Retail Sporting Equipment,2012-05-30,4,$837.02
Retail Sporting Equipment,2012-05-30,4,"$4,971.41"
Retail Sporting Equipment,2012-05-30,2,"$1,295.99"
Retail Sporting Equipment,2012-05-30,3,$109.34
Retail Sporting Equipment,2012-05-30,3,"$3,688.38"
Retail Sporting Equipment,2012-05-30,4,$91.18
Retail Sporting Equipment,2012-05-30,1,$209.26
Retail Sporting Equipment,2012-05-30,5,$688.47
Retail Sporting Equipment,2012-05-30,1,$33.77
Retail Sporting Equipment,2012-05-30,1,$24.29
Retail Sporting Equipment,2012-05-30,2,"$2,458.92"
Retail Sporting Equipment,2012-05-30,1,$736.15
Retail Sporting Equipment,2012-05-30,1,$209.26
Retail Sporting Equipment,2012-05-30,1,$74.84
Retail Sporting Equipment,2012-05-30,9,$205.15
Retail Sporting Equipment,2012-05-30,1,$647.99
Retail Sporting Equipment,2012-05-30,1,$647.99
Retail Sporting Equipment,2012-05-30,2,$177.86
Retail Sporting Equipment,2012-05-30,6,"$1,177.97"
Retail Sporting Equipment,2012-05-30,3,"$3,728.56"
Retail Sporting Equipment,2012-05-30,1,$744.27
Superlative Bikes,2012-05-30,2,"$2,458.92"
Superlative Bikes,2012-05-30,1,$22.79
Superlative Bikes,2012-05-30,1,"$1,229.46"
Tachometers and Accessories,2012-05-30,1,$22.79
Tachometers and Accessories,2012-05-30,1,"$1,229.46"
Tachometers and Accessories,2012-05-30,1,"$1,229.46"
Tachometers and Accessories,2012-05-30,3,$68.38
Tachometers and Accessories,2012-05-30,2,$45.59
